input_trafo,output_trafo,init,init_size_fraction,random_interleave_iter,surrogate,extratrees,trees,variance_estimator,kernel,nugget,scaling,acqf,lambda,epsilon_decay,lambda_decay,acqopt,parameter,iteration,id,mean_meta_score,n_na,n,batch_nr
none,none,random,0.25,0,gp,,,,gauss,0,FALSE,EI,,FALSE,,RS_1000,input_trafo,1,1,0.756604416308967,0,8,1
unitcube,none,random,0.25,0,gp,,,,gauss,0,FALSE,EI,,FALSE,,RS_1000,input_trafo,1,2,0.758200190578269,0,8,1
none,standardize,random,0.25,0,gp,,,,gauss,0,FALSE,EI,,FALSE,,RS_1000,output_trafo,1,3,0.754578679705694,0,8,1
none,log,random,0.25,0,gp,,,,gauss,0,FALSE,EI,,FALSE,,RS_1000,output_trafo,1,4,0.813730646946886,0,8,1
none,none,lhs,0.25,0,gp,,,,gauss,0,FALSE,EI,,FALSE,,RS_1000,init,1,5,0.767127983211866,0,8,1
none,none,sobol,0.25,0,gp,,,,gauss,0,FALSE,EI,,FALSE,,RS_1000,init,1,6,0.757134310140863,0,8,1
none,none,random,0.05,0,gp,,,,gauss,0,FALSE,EI,,FALSE,,RS_1000,init_size_fraction,1,7,0.810488207092241,0,8,1
none,none,random,0.10,0,gp,,,,gauss,0,FALSE,EI,,FALSE,,RS_1000,init_size_fraction,1,8,0.803534258143812,0,8,1
none,none,random,0.25,2,gp,,,,gauss,0,FALSE,EI,,FALSE,,RS_1000,random_interleave_iter,1,9,0.585898994497012,0,8,1
none,none,random,0.25,4,gp,,,,gauss,0,FALSE,EI,,FALSE,,RS_1000,random_interleave_iter,1,10,0.681703075867615,0,8,1
none,none,random,0.25,0,rf,TRUE,10,jack,,,,EI,,FALSE,,RS_1000,surrogate,1,11,0.265680485001645,0,8,1
none,none,random,0.25,0,rf,FALSE,10,jack,,,,EI,,FALSE,,RS_1000,surrogate,1,12,0.136967834471853,0,8,1
none,none,random,0.25,0,rf,TRUE,500,jack,,,,EI,,FALSE,,RS_1000,surrogate,1,13,0.586628568560873,0,8,1
none,none,random,0.25,0,rf,FALSE,500,jack,,,,EI,,FALSE,,RS_1000,surrogate,1,14,0.575577676094477,0,8,1
none,none,random,0.25,0,rf,TRUE,10,ensemble_standard_deviation,,,,EI,,FALSE,,RS_1000,surrogate,1,15,0.408918981783228,0,8,1
none,none,random,0.25,0,rf,FALSE,10,ensemble_standard_deviation,,,,EI,,FALSE,,RS_1000,surrogate,1,16,0.486537033654125,0,8,1
none,none,random,0.25,0,rf,TRUE,500,ensemble_standard_deviation,,,,EI,,FALSE,,RS_1000,surrogate,1,17,0.511201637259792,0,8,1
none,none,random,0.25,0,rf,FALSE,500,ensemble_standard_deviation,,,,EI,,FALSE,,RS_1000,surrogate,1,18,0.591661405141215,0,8,1
none,none,random,0.25,0,rf,TRUE,10,law_of_total_variance,,,,EI,,FALSE,,RS_1000,surrogate,1,19,0.59827618764864,0,8,1
none,none,random,0.25,0,rf,FALSE,10,law_of_total_variance,,,,EI,,FALSE,,RS_1000,surrogate,1,20,0.644025581190783,0,8,1
none,none,random,0.25,0,rf,TRUE,500,law_of_total_variance,,,,EI,,FALSE,,RS_1000,surrogate,1,21,0.522192215110699,0,8,1
none,none,random,0.25,0,rf,FALSE,500,law_of_total_variance,,,,EI,,FALSE,,RS_1000,surrogate,1,22,0.694441921971972,0,8,1
none,none,random,0.25,0,gp,,,,gauss,0,TRUE,EI,,FALSE,,RS_1000,surrogate,1,23,0.764367907615074,0,8,1
none,none,random,0.25,0,gp,,,,matern3_2,0,TRUE,EI,,FALSE,,RS_1000,surrogate,1,24,0.814276271513668,0,8,1
none,none,random,0.25,0,gp,,,,matern5_2,0,TRUE,EI,,FALSE,,RS_1000,surrogate,1,25,0.804486944657329,0,8,1
none,none,random,0.25,0,gp,,,,exp,0,TRUE,EI,,FALSE,,RS_1000,surrogate,1,26,0.651035319274308,0,8,1
none,none,random,0.25,0,gp,,,,gauss,1e-3,TRUE,EI,,FALSE,,RS_1000,surrogate,1,27,0.787956445425404,0,8,1
none,none,random,0.25,0,gp,,,,matern3_2,1e-3,TRUE,EI,,FALSE,,RS_1000,surrogate,1,28,0.818685040509343,0,8,1
none,none,random,0.25,0,gp,,,,matern5_2,1e-3,TRUE,EI,,FALSE,,RS_1000,surrogate,1,29,0.812511974498686,0,8,1
none,none,random,0.25,0,gp,,,,exp,1e-3,TRUE,EI,,FALSE,,RS_1000,surrogate,1,30,0.659802790672246,0,8,1
none,none,random,0.25,0,gp,,,,gauss,1e-8,TRUE,EI,,FALSE,,RS_1000,surrogate,1,31,0.769550304329672,0,8,1
none,none,random,0.25,0,gp,,,,matern3_2,1e-8,TRUE,EI,,FALSE,,RS_1000,surrogate,1,32,0.831525951906075,0,8,1
none,none,random,0.25,0,gp,,,,matern5_2,1e-8,TRUE,EI,,FALSE,,RS_1000,surrogate,1,33,0.80443900681823,0,8,1
none,none,random,0.25,0,gp,,,,exp,1e-8,TRUE,EI,,FALSE,,RS_1000,surrogate,1,34,0.669604793376564,0,8,1
none,none,random,0.25,0,gp,,,,matern3_2,0,FALSE,EI,,FALSE,,RS_1000,surrogate,1,35,0.81296887854331,0,8,1
none,none,random,0.25,0,gp,,,,matern5_2,0,FALSE,EI,,FALSE,,RS_1000,surrogate,1,36,0.803882516034457,0,8,1
none,none,random,0.25,0,gp,,,,exp,0,FALSE,EI,,FALSE,,RS_1000,surrogate,1,37,0.684955487974079,0,8,1
none,none,random,0.25,0,gp,,,,gauss,1e-3,FALSE,EI,,FALSE,,RS_1000,surrogate,1,38,0.76612151416171,0,8,1
none,none,random,0.25,0,gp,,,,matern3_2,1e-3,FALSE,EI,,FALSE,,RS_1000,surrogate,1,39,0.796584491962609,0,8,1
none,none,random,0.25,0,gp,,,,matern5_2,1e-3,FALSE,EI,,FALSE,,RS_1000,surrogate,1,40,0.806231229852608,0,8,1
none,none,random,0.25,0,gp,,,,exp,1e-3,FALSE,EI,,FALSE,,RS_1000,surrogate,1,41,0.658491573435736,0,8,1
none,none,random,0.25,0,gp,,,,gauss,1e-8,FALSE,EI,,FALSE,,RS_1000,surrogate,1,42,0.757078021415961,0,8,1
none,none,random,0.25,0,gp,,,,matern3_2,1e-8,FALSE,EI,,FALSE,,RS_1000,surrogate,1,43,0.804776064845106,0,8,1
none,none,random,0.25,0,gp,,,,matern5_2,1e-8,FALSE,EI,,FALSE,,RS_1000,surrogate,1,44,0.786756549641885,0,8,1
none,none,random,0.25,0,gp,,,,exp,1e-8,FALSE,EI,,FALSE,,RS_1000,surrogate,1,45,0.667634952587936,0,8,1
none,none,random,0.25,0,gp,,,,gauss,0,FALSE,PI,,,,RS_1000,acqf,1,46,0.750515386592027,0,8,1
none,none,random,0.25,0,gp,,,,gauss,0,FALSE,Mean,,,,RS_1000,acqf,1,47,0.737790690611735,0,8,1
none,none,random,0.25,0,gp,,,,gauss,0,FALSE,CB,1,,TRUE,RS_1000,acqf,1,48,0.760925699397634,0,8,1
none,none,random,0.25,0,gp,,,,gauss,0,FALSE,CB,3,,TRUE,RS_1000,acqf,1,49,0.673605543839892,0,8,1
none,none,random,0.25,0,gp,,,,gauss,0,FALSE,CB,10,,TRUE,RS_1000,acqf,1,50,0.530527280527101,0,8,1
none,none,random,0.25,0,gp,,,,gauss,0,FALSE,CB,1,,FALSE,RS_1000,acqf,1,51,0.768406061449415,0,8,1
none,none,random,0.25,0,gp,,,,gauss,0,FALSE,CB,3,,FALSE,RS_1000,acqf,1,52,0.705897079778558,0,8,1
none,none,random,0.25,0,gp,,,,gauss,0,FALSE,CB,10,,FALSE,RS_1000,acqf,1,53,0.538688794581696,0,8,1
none,none,random,0.25,0,gp,,,,gauss,0,FALSE,EI,,TRUE,,RS_1000,acqf,1,54,0.67569617643965,0,8,1
none,none,random,0.25,0,gp,,,,gauss,0,FALSE,EI,,FALSE,,RS,acqopt,1,55,0.781357305789105,0,8,1
none,none,random,0.25,0,gp,,,,gauss,0,FALSE,EI,,FALSE,,LS,acqopt,1,56,0.876142716494018,0,8,1
none,none,random,0.25,0,gp,,,,gauss,0,FALSE,EI,,FALSE,,DIRECT,acqopt,1,57,0.852289042253483,0,8,1
none,none,random,0.25,0,gp,,,,gauss,0,FALSE,EI,,FALSE,,CMAES,acqopt,1,58,0.993091490189289,0,8,1
none,none,random,0.25,0,gp,,,,gauss,0,FALSE,EI,,FALSE,,LBFGSB,acqopt,1,59,0.934336894416206,0,8,1
unitcube,none,random,0.25,0,gp,,,,gauss,0,FALSE,EI,,FALSE,,CMAES,input_trafo,2,1,0.974426660997382,0,8,2
none,standardize,random,0.25,0,gp,,,,gauss,0,FALSE,EI,,FALSE,,CMAES,output_trafo,2,2,0.979862044727006,0,8,2
none,log,random,0.25,0,gp,,,,gauss,0,FALSE,EI,,FALSE,,CMAES,output_trafo,2,3,1.08218156258673,0,8,2
none,none,lhs,0.25,0,gp,,,,gauss,0,FALSE,EI,,FALSE,,CMAES,init,2,4,0.973442002960922,0,8,2
none,none,sobol,0.25,0,gp,,,,gauss,0,FALSE,EI,,FALSE,,CMAES,init,2,5,0.969288659398302,0,8,2
none,none,random,0.05,0,gp,,,,gauss,0,FALSE,EI,,FALSE,,CMAES,init_size_fraction,2,6,1.04321863834806,0,8,2
none,none,random,0.10,0,gp,,,,gauss,0,FALSE,EI,,FALSE,,CMAES,init_size_fraction,2,7,1.02022778260457,0,8,2
none,none,random,0.25,2,gp,,,,gauss,0,FALSE,EI,,FALSE,,CMAES,random_interleave_iter,2,8,0.855209237268177,0,8,2
none,none,random,0.25,4,gp,,,,gauss,0,FALSE,EI,,FALSE,,CMAES,random_interleave_iter,2,9,0.916650917592617,0,8,2
none,none,random,0.25,0,rf,TRUE,10,jack,,,,EI,,FALSE,,CMAES,surrogate,2,10,0.778031426141773,0,8,2
none,none,random,0.25,0,rf,FALSE,10,jack,,,,EI,,FALSE,,CMAES,surrogate,2,11,0.760452771690129,0,8,2
none,none,random,0.25,0,rf,TRUE,500,jack,,,,EI,,FALSE,,CMAES,surrogate,2,12,1.01531046711768,0,8,2
none,none,random,0.25,0,rf,FALSE,500,jack,,,,EI,,FALSE,,CMAES,surrogate,2,13,0.983138873288681,0,8,2
none,none,random,0.25,0,rf,TRUE,10,ensemble_standard_deviation,,,,EI,,FALSE,,CMAES,surrogate,2,14,0.973257456004179,0,8,2
none,none,random,0.25,0,rf,FALSE,10,ensemble_standard_deviation,,,,EI,,FALSE,,CMAES,surrogate,2,15,0.976708863842134,0,8,2
none,none,random,0.25,0,rf,TRUE,500,ensemble_standard_deviation,,,,EI,,FALSE,,CMAES,surrogate,2,16,0.837744684526713,0,8,2
none,none,random,0.25,0,rf,FALSE,500,ensemble_standard_deviation,,,,EI,,FALSE,,CMAES,surrogate,2,17,0.934795671941568,0,8,2
none,none,random,0.25,0,rf,TRUE,10,law_of_total_variance,,,,EI,,FALSE,,CMAES,surrogate,2,18,1.0040927669877,0,8,2
none,none,random,0.25,0,rf,FALSE,10,law_of_total_variance,,,,EI,,FALSE,,CMAES,surrogate,2,19,1.00668711412419,0,8,2
none,none,random,0.25,0,rf,TRUE,500,law_of_total_variance,,,,EI,,FALSE,,CMAES,surrogate,2,20,0.689346412770283,0,8,2
none,none,random,0.25,0,rf,FALSE,500,law_of_total_variance,,,,EI,,FALSE,,CMAES,surrogate,2,21,0.819432464246525,0,8,2
none,none,random,0.25,0,gp,,,,gauss,0,TRUE,EI,,FALSE,,CMAES,surrogate,2,22,1.00933581198672,0,8,2
none,none,random,0.25,0,gp,,,,matern3_2,0,TRUE,EI,,FALSE,,CMAES,surrogate,2,23,1.05374195389032,0,8,2
none,none,random,0.25,0,gp,,,,matern5_2,0,TRUE,EI,,FALSE,,CMAES,surrogate,2,24,1.07363773328157,0,8,2
none,none,random,0.25,0,gp,,,,exp,0,TRUE,EI,,FALSE,,CMAES,surrogate,2,25,0.692788444360413,0,8,2
none,none,random,0.25,0,gp,,,,gauss,1e-3,TRUE,EI,,FALSE,,CMAES,surrogate,2,26,0.957903732477731,0,8,2
none,none,random,0.25,0,gp,,,,matern3_2,1e-3,TRUE,EI,,FALSE,,CMAES,surrogate,2,27,0.957341117504792,0,8,2
none,none,random,0.25,0,gp,,,,matern5_2,1e-3,TRUE,EI,,FALSE,,CMAES,surrogate,2,28,0.952543920504631,0,8,2
none,none,random,0.25,0,gp,,,,exp,1e-3,TRUE,EI,,FALSE,,CMAES,surrogate,2,29,0.648725886790381,0,8,2
none,none,random,0.25,0,gp,,,,gauss,1e-8,TRUE,EI,,FALSE,,CMAES,surrogate,2,30,1.01513894864669,0,8,2
none,none,random,0.25,0,gp,,,,matern3_2,1e-8,TRUE,EI,,FALSE,,CMAES,surrogate,2,31,1.06473698153961,0,8,2
none,none,random,0.25,0,gp,,,,matern5_2,1e-8,TRUE,EI,,FALSE,,CMAES,surrogate,2,32,1.05651104194462,0,8,2
none,none,random,0.25,0,gp,,,,exp,1e-8,TRUE,EI,,FALSE,,CMAES,surrogate,2,33,0.724511393767554,0,8,2
none,none,random,0.25,0,gp,,,,matern3_2,0,FALSE,EI,,FALSE,,CMAES,surrogate,2,34,1.04411175162916,0,8,2
none,none,random,0.25,0,gp,,,,matern5_2,0,FALSE,EI,,FALSE,,CMAES,surrogate,2,35,1.05007896691363,0,8,2
none,none,random,0.25,0,gp,,,,exp,0,FALSE,EI,,FALSE,,CMAES,surrogate,2,36,0.704012841946742,0,8,2
none,none,random,0.25,0,gp,,,,gauss,1e-3,FALSE,EI,,FALSE,,CMAES,surrogate,2,37,0.911764264097878,0,8,2
none,none,random,0.25,0,gp,,,,matern3_2,1e-3,FALSE,EI,,FALSE,,CMAES,surrogate,2,38,0.965073353395564,0,8,2
none,none,random,0.25,0,gp,,,,matern5_2,1e-3,FALSE,EI,,FALSE,,CMAES,surrogate,2,39,0.966497959200958,0,8,2
none,none,random,0.25,0,gp,,,,exp,1e-3,FALSE,EI,,FALSE,,CMAES,surrogate,2,40,0.641011834227433,0,8,2
none,none,random,0.25,0,gp,,,,gauss,1e-8,FALSE,EI,,FALSE,,CMAES,surrogate,2,41,0.973781745908926,0,8,2
none,none,random,0.25,0,gp,,,,matern3_2,1e-8,FALSE,EI,,FALSE,,CMAES,surrogate,2,42,1.03798312363906,0,8,2
none,none,random,0.25,0,gp,,,,matern5_2,1e-8,FALSE,EI,,FALSE,,CMAES,surrogate,2,43,1.03269103899514,0,8,2
none,none,random,0.25,0,gp,,,,exp,1e-8,FALSE,EI,,FALSE,,CMAES,surrogate,2,44,0.708067012532144,0,8,2
none,none,random,0.25,0,gp,,,,gauss,0,FALSE,PI,,,,CMAES,acqf,2,45,0.16887420697288,0,8,2
none,none,random,0.25,0,gp,,,,gauss,0,FALSE,Mean,,,,CMAES,acqf,2,46,1.02157619852452,0,8,2
none,none,random,0.25,0,gp,,,,gauss,0,FALSE,CB,1,,TRUE,CMAES,acqf,2,47,0.953825270961465,0,8,2
none,none,random,0.25,0,gp,,,,gauss,0,FALSE,CB,3,,TRUE,CMAES,acqf,2,48,0.827222786210478,0,8,2
none,none,random,0.25,0,gp,,,,gauss,0,FALSE,CB,10,,TRUE,CMAES,acqf,2,49,0.659614448434954,0,8,2
none,none,random,0.25,0,gp,,,,gauss,0,FALSE,CB,1,,FALSE,CMAES,acqf,2,50,0.94213499485791,0,8,2
none,none,random,0.25,0,gp,,,,gauss,0,FALSE,CB,3,,FALSE,CMAES,acqf,2,51,0.864001961519784,0,8,2
none,none,random,0.25,0,gp,,,,gauss,0,FALSE,CB,10,,FALSE,CMAES,acqf,2,52,0.635821487423126,0,8,2
none,none,random,0.25,0,gp,,,,gauss,0,FALSE,EI,,TRUE,,CMAES,acqf,2,53,0.88300063296459,0,8,2
none,none,random,0.25,0,gp,,,,gauss,0,FALSE,EI,,FALSE,,RS_1000,acqopt,2,54,0.763485008249655,0,8,2
none,none,random,0.25,0,gp,,,,gauss,0,FALSE,EI,,FALSE,,RS,acqopt,2,55,0.788431364640896,0,8,2
none,none,random,0.25,0,gp,,,,gauss,0,FALSE,EI,,FALSE,,LS,acqopt,2,56,0.867385907503568,0,8,2
none,none,random,0.25,0,gp,,,,gauss,0,FALSE,EI,,FALSE,,DIRECT,acqopt,2,57,0.85591400215046,0,8,2
none,none,random,0.25,0,gp,,,,gauss,0,FALSE,EI,,FALSE,,LBFGSB,acqopt,2,58,0.931690392158766,0,8,2
unitcube,log,random,0.25,0,gp,,,,gauss,0,FALSE,EI,,FALSE,,CMAES,input_trafo,3,1,1.06750087715108,0,8,3
none,none,random,0.25,0,gp,,,,gauss,0,FALSE,EI,,FALSE,,CMAES,output_trafo,3,2,0.974956318093941,0,8,3
none,standardize,random,0.25,0,gp,,,,gauss,0,FALSE,EI,,FALSE,,CMAES,output_trafo,3,3,0.962554553486596,0,8,3
none,log,lhs,0.25,0,gp,,,,gauss,0,FALSE,EI,,FALSE,,CMAES,init,3,4,1.08609374990941,0,8,3
none,log,sobol,0.25,0,gp,,,,gauss,0,FALSE,EI,,FALSE,,CMAES,init,3,5,1.09611000543914,0,8,3
none,log,random,0.05,0,gp,,,,gauss,0,FALSE,EI,,FALSE,,CMAES,init_size_fraction,3,6,1.01519366822088,0,8,3
none,log,random,0.10,0,gp,,,,gauss,0,FALSE,EI,,FALSE,,CMAES,init_size_fraction,3,7,1.06935611170284,0,8,3
none,log,random,0.25,2,gp,,,,gauss,0,FALSE,EI,,FALSE,,CMAES,random_interleave_iter,3,8,1.03520749813307,0,8,3
none,log,random,0.25,4,gp,,,,gauss,0,FALSE,EI,,FALSE,,CMAES,random_interleave_iter,3,9,1.07285667242015,0,8,3
none,log,random,0.25,0,rf,TRUE,10,jack,,,,EI,,FALSE,,CMAES,surrogate,3,10,1.06710621288848,0,8,3
none,log,random,0.25,0,rf,FALSE,10,jack,,,,EI,,FALSE,,CMAES,surrogate,3,11,1.03797664058238,0,8,3
none,log,random,0.25,0,rf,TRUE,500,jack,,,,EI,,FALSE,,CMAES,surrogate,3,12,1.01831045210662,0,8,3
none,log,random,0.25,0,rf,FALSE,500,jack,,,,EI,,FALSE,,CMAES,surrogate,3,13,0.976217901696912,0,8,3
none,log,random,0.25,0,rf,TRUE,10,ensemble_standard_deviation,,,,EI,,FALSE,,CMAES,surrogate,3,14,1.07269423588919,0,8,3
none,log,random,0.25,0,rf,FALSE,10,ensemble_standard_deviation,,,,EI,,FALSE,,CMAES,surrogate,3,15,1.0365762082745,0,8,3
none,log,random,0.25,0,rf,TRUE,500,ensemble_standard_deviation,,,,EI,,FALSE,,CMAES,surrogate,3,16,1.07026172915746,0,8,3
none,log,random,0.25,0,rf,FALSE,500,ensemble_standard_deviation,,,,EI,,FALSE,,CMAES,surrogate,3,17,1.04913743575793,0,8,3
none,log,random,0.25,0,rf,TRUE,10,law_of_total_variance,,,,EI,,FALSE,,CMAES,surrogate,3,18,1.07845724003698,0,8,3
none,log,random,0.25,0,rf,FALSE,10,law_of_total_variance,,,,EI,,FALSE,,CMAES,surrogate,3,19,1.03369825447081,0,8,3
none,log,random,0.25,0,rf,TRUE,500,law_of_total_variance,,,,EI,,FALSE,,CMAES,surrogate,3,20,0.95880470574002,0,8,3
none,log,random,0.25,0,rf,FALSE,500,law_of_total_variance,,,,EI,,FALSE,,CMAES,surrogate,3,21,0.97442009726016,0,8,3
none,log,random,0.25,0,gp,,,,gauss,0,TRUE,EI,,FALSE,,CMAES,surrogate,3,22,0.935814585720066,0,8,3
none,log,random,0.25,0,gp,,,,matern3_2,0,TRUE,EI,,FALSE,,CMAES,surrogate,3,23,1.03638259680301,0,8,3
none,log,random,0.25,0,gp,,,,matern5_2,0,TRUE,EI,,FALSE,,CMAES,surrogate,3,24,1.02260045375468,0,8,3
none,log,random,0.25,0,gp,,,,exp,0,TRUE,EI,,FALSE,,CMAES,surrogate,3,25,0.89353769489341,0,8,3
none,log,random,0.25,0,gp,,,,gauss,1e-3,TRUE,EI,,FALSE,,CMAES,surrogate,3,26,0.987707085326728,0,8,3
none,log,random,0.25,0,gp,,,,matern3_2,1e-3,TRUE,EI,,FALSE,,CMAES,surrogate,3,27,0.986419430343781,0,8,3
none,log,random,0.25,0,gp,,,,matern5_2,1e-3,TRUE,EI,,FALSE,,CMAES,surrogate,3,28,0.966032680655482,0,8,3
none,log,random,0.25,0,gp,,,,exp,1e-3,TRUE,EI,,FALSE,,CMAES,surrogate,3,29,0.782085292231448,0,8,3
none,log,random,0.25,0,gp,,,,gauss,1e-8,TRUE,EI,,FALSE,,CMAES,surrogate,3,30,0.93398674302965,0,8,3
none,log,random,0.25,0,gp,,,,matern3_2,1e-8,TRUE,EI,,FALSE,,CMAES,surrogate,3,31,1.0420329849452,0,8,3
none,log,random,0.25,0,gp,,,,matern5_2,1e-8,TRUE,EI,,FALSE,,CMAES,surrogate,3,32,1.03717619780213,0,8,3
none,log,random,0.25,0,gp,,,,exp,1e-8,TRUE,EI,,FALSE,,CMAES,surrogate,3,33,0.90396419872707,0,8,3
none,log,random,0.25,0,gp,,,,matern3_2,0,FALSE,EI,,FALSE,,CMAES,surrogate,3,34,1.14057244899576,0,8,3
none,log,random,0.25,0,gp,,,,matern5_2,0,FALSE,EI,,FALSE,,CMAES,surrogate,3,35,1.13695983241383,0,8,3
none,log,random,0.25,0,gp,,,,exp,0,FALSE,EI,,FALSE,,CMAES,surrogate,3,36,0.857580131531344,0,8,3
none,log,random,0.25,0,gp,,,,gauss,1e-3,FALSE,EI,,FALSE,,CMAES,surrogate,3,37,1.04125693938869,0,8,3
none,log,random,0.25,0,gp,,,,matern3_2,1e-3,FALSE,EI,,FALSE,,CMAES,surrogate,3,38,0.998053965910665,0,8,3
none,log,random,0.25,0,gp,,,,matern5_2,1e-3,FALSE,EI,,FALSE,,CMAES,surrogate,3,39,0.982318383965363,0,8,3
none,log,random,0.25,0,gp,,,,exp,1e-3,FALSE,EI,,FALSE,,CMAES,surrogate,3,40,0.769886646582745,0,8,3
none,log,random,0.25,0,gp,,,,gauss,1e-8,FALSE,EI,,FALSE,,CMAES,surrogate,3,41,1.10249580122578,0,8,3
none,log,random,0.25,0,gp,,,,matern3_2,1e-8,FALSE,EI,,FALSE,,CMAES,surrogate,3,42,1.12801441743625,0,8,3
none,log,random,0.25,0,gp,,,,matern5_2,1e-8,FALSE,EI,,FALSE,,CMAES,surrogate,3,43,1.12582509177574,0,8,3
none,log,random,0.25,0,gp,,,,exp,1e-8,FALSE,EI,,FALSE,,CMAES,surrogate,3,44,0.823249323868107,0,8,3
none,log,random,0.25,0,gp,,,,gauss,0,FALSE,PI,,,,CMAES,acqf,3,45,0.0406999451901869,0,8,3
none,log,random,0.25,0,gp,,,,gauss,0,FALSE,Mean,,,,CMAES,acqf,3,46,0.936262435526319,0,8,3
none,log,random,0.25,0,gp,,,,gauss,0,FALSE,CB,1,,TRUE,CMAES,acqf,3,47,1.04926602402217,0,8,3
none,log,random,0.25,0,gp,,,,gauss,0,FALSE,CB,3,,TRUE,CMAES,acqf,3,48,1.11728998407135,0,8,3
none,log,random,0.25,0,gp,,,,gauss,0,FALSE,CB,10,,TRUE,CMAES,acqf,3,49,0.971143102001716,0,8,3
none,log,random,0.25,0,gp,,,,gauss,0,FALSE,CB,1,,FALSE,CMAES,acqf,3,50,1.06561317576723,0,8,3
none,log,random,0.25,0,gp,,,,gauss,0,FALSE,CB,3,,FALSE,CMAES,acqf,3,51,1.12720254232057,0,8,3
none,log,random,0.25,0,gp,,,,gauss,0,FALSE,CB,10,,FALSE,CMAES,acqf,3,52,1.00517466260475,0,8,3
none,log,random,0.25,0,gp,,,,gauss,0,FALSE,EI,,TRUE,,CMAES,acqf,3,53,1.10946145143814,0,8,3
none,log,random,0.25,0,gp,,,,gauss,0,FALSE,EI,,FALSE,,RS_1000,acqopt,3,54,0.833206948593411,0,8,3
none,log,random,0.25,0,gp,,,,gauss,0,FALSE,EI,,FALSE,,RS,acqopt,3,55,0.912684744669815,0,8,3
none,log,random,0.25,0,gp,,,,gauss,0,FALSE,EI,,FALSE,,LS,acqopt,3,56,1.09103438671953,0,8,3
none,log,random,0.25,0,gp,,,,gauss,0,FALSE,EI,,FALSE,,DIRECT,acqopt,3,57,0.980842895988811,0,8,3
none,log,random,0.25,0,gp,,,,gauss,0,FALSE,EI,,FALSE,,LBFGSB,acqopt,3,58,0.818321980780463,0,8,3
unitcube,log,random,0.25,0,gp,,,,matern3_2,0,FALSE,EI,,FALSE,,CMAES,input_trafo,4,1,1.14549118264285,0,8,4
none,none,random,0.25,0,gp,,,,matern3_2,0,FALSE,EI,,FALSE,,CMAES,output_trafo,4,2,1.0421162843453,0,8,4
none,standardize,random,0.25,0,gp,,,,matern3_2,0,FALSE,EI,,FALSE,,CMAES,output_trafo,4,3,1.05078408081171,0,8,4
none,log,lhs,0.25,0,gp,,,,matern3_2,0,FALSE,EI,,FALSE,,CMAES,init,4,4,1.13751814685914,0,8,4
none,log,sobol,0.25,0,gp,,,,matern3_2,0,FALSE,EI,,FALSE,,CMAES,init,4,5,1.13438338859534,0,8,4
none,log,random,0.05,0,gp,,,,matern3_2,0,FALSE,EI,,FALSE,,CMAES,init_size_fraction,4,6,1.12945698467773,0,8,4
none,log,random,0.10,0,gp,,,,matern3_2,0,FALSE,EI,,FALSE,,CMAES,init_size_fraction,4,7,1.14077176669481,0,8,4
none,log,random,0.25,2,gp,,,,matern3_2,0,FALSE,EI,,FALSE,,CMAES,random_interleave_iter,4,8,1.07486043447701,0,8,4
none,log,random,0.25,4,gp,,,,matern3_2,0,FALSE,EI,,FALSE,,CMAES,random_interleave_iter,4,9,1.1199978483617,0,8,4
none,log,random,0.25,0,rf,TRUE,10,jack,,,,EI,,FALSE,,CMAES,surrogate,4,10,1.07388913864996,0,8,4
none,log,random,0.25,0,rf,FALSE,10,jack,,,,EI,,FALSE,,CMAES,surrogate,4,11,1.06109485685853,0,8,4
none,log,random,0.25,0,rf,TRUE,500,jack,,,,EI,,FALSE,,CMAES,surrogate,4,12,1.03121804707142,0,8,4
none,log,random,0.25,0,rf,FALSE,500,jack,,,,EI,,FALSE,,CMAES,surrogate,4,13,0.990970618246182,0,8,4
none,log,random,0.25,0,rf,TRUE,10,ensemble_standard_deviation,,,,EI,,FALSE,,CMAES,surrogate,4,14,1.06689639509488,0,8,4
none,log,random,0.25,0,rf,FALSE,10,ensemble_standard_deviation,,,,EI,,FALSE,,CMAES,surrogate,4,15,1.05680682400479,0,8,4
none,log,random,0.25,0,rf,TRUE,500,ensemble_standard_deviation,,,,EI,,FALSE,,CMAES,surrogate,4,16,1.04084713407301,0,8,4
none,log,random,0.25,0,rf,FALSE,500,ensemble_standard_deviation,,,,EI,,FALSE,,CMAES,surrogate,4,17,1.05682824475851,0,8,4
none,log,random,0.25,0,rf,TRUE,10,law_of_total_variance,,,,EI,,FALSE,,CMAES,surrogate,4,18,1.05958451515554,0,8,4
none,log,random,0.25,0,rf,FALSE,10,law_of_total_variance,,,,EI,,FALSE,,CMAES,surrogate,4,19,1.02343689685541,0,8,4
none,log,random,0.25,0,rf,TRUE,500,law_of_total_variance,,,,EI,,FALSE,,CMAES,surrogate,4,20,0.952864699043352,0,8,4
none,log,random,0.25,0,rf,FALSE,500,law_of_total_variance,,,,EI,,FALSE,,CMAES,surrogate,4,21,0.945798975321058,0,8,4
none,log,random,0.25,0,gp,,,,gauss,0,TRUE,EI,,FALSE,,CMAES,surrogate,4,22,0.972337306229906,0,8,4
none,log,random,0.25,0,gp,,,,matern3_2,0,TRUE,EI,,FALSE,,CMAES,surrogate,4,23,1.04196222191156,0,8,4
none,log,random,0.25,0,gp,,,,matern5_2,0,TRUE,EI,,FALSE,,CMAES,surrogate,4,24,1.01194490699366,0,8,4
none,log,random,0.25,0,gp,,,,exp,0,TRUE,EI,,FALSE,,CMAES,surrogate,4,25,0.904703321931897,0,8,4
none,log,random,0.25,0,gp,,,,gauss,1e-3,TRUE,EI,,FALSE,,CMAES,surrogate,4,26,0.968930032620097,0,8,4
none,log,random,0.25,0,gp,,,,matern3_2,1e-3,TRUE,EI,,FALSE,,CMAES,surrogate,4,27,1.00015726971538,0,8,4
none,log,random,0.25,0,gp,,,,matern5_2,1e-3,TRUE,EI,,FALSE,,CMAES,surrogate,4,28,0.980792884633822,0,8,4
none,log,random,0.25,0,gp,,,,exp,1e-3,TRUE,EI,,FALSE,,CMAES,surrogate,4,29,0.737182042609329,0,8,4
none,log,random,0.25,0,gp,,,,gauss,1e-8,TRUE,EI,,FALSE,,CMAES,surrogate,4,30,0.977167896198283,0,8,4
none,log,random,0.25,0,gp,,,,matern3_2,1e-8,TRUE,EI,,FALSE,,CMAES,surrogate,4,31,1.04342377935922,0,8,4
none,log,random,0.25,0,gp,,,,matern5_2,1e-8,TRUE,EI,,FALSE,,CMAES,surrogate,4,32,1.02992566237379,0,8,4
none,log,random,0.25,0,gp,,,,exp,1e-8,TRUE,EI,,FALSE,,CMAES,surrogate,4,33,0.89589136693005,0,8,4
none,log,random,0.25,0,gp,,,,gauss,0,FALSE,EI,,FALSE,,CMAES,surrogate,4,34,1.09761495826774,0,8,4
none,log,random,0.25,0,gp,,,,matern5_2,0,FALSE,EI,,FALSE,,CMAES,surrogate,4,35,1.1338837817453,0,8,4
none,log,random,0.25,0,gp,,,,exp,0,FALSE,EI,,FALSE,,CMAES,surrogate,4,36,0.849480178899567,0,8,4
none,log,random,0.25,0,gp,,,,gauss,1e-3,FALSE,EI,,FALSE,,CMAES,surrogate,4,37,1.03188384739519,0,8,4
none,log,random,0.25,0,gp,,,,matern3_2,1e-3,FALSE,EI,,FALSE,,CMAES,surrogate,4,38,0.983071322518358,0,8,4
none,log,random,0.25,0,gp,,,,matern5_2,1e-3,FALSE,EI,,FALSE,,CMAES,surrogate,4,39,0.988332381358085,0,8,4
none,log,random,0.25,0,gp,,,,exp,1e-3,FALSE,EI,,FALSE,,CMAES,surrogate,4,40,0.676368738351084,0,8,4
none,log,random,0.25,0,gp,,,,gauss,1e-8,FALSE,EI,,FALSE,,CMAES,surrogate,4,41,1.11772335459616,0,8,4
none,log,random,0.25,0,gp,,,,matern3_2,1e-8,FALSE,EI,,FALSE,,CMAES,surrogate,4,42,1.15312926988805,0,8,4
none,log,random,0.25,0,gp,,,,matern5_2,1e-8,FALSE,EI,,FALSE,,CMAES,surrogate,4,43,1.13898868014801,0,8,4
none,log,random,0.25,0,gp,,,,exp,1e-8,FALSE,EI,,FALSE,,CMAES,surrogate,4,44,0.817616755599634,0,8,4
none,log,random,0.25,0,gp,,,,matern3_2,0,FALSE,PI,,,,CMAES,acqf,4,45,0.0706138043379552,0,8,4
none,log,random,0.25,0,gp,,,,matern3_2,0,FALSE,Mean,,,,CMAES,acqf,4,46,0.960165040771274,0,8,4
none,log,random,0.25,0,gp,,,,matern3_2,0,FALSE,CB,1,,TRUE,CMAES,acqf,4,47,1.05123380524754,0,8,4
none,log,random,0.25,0,gp,,,,matern3_2,0,FALSE,CB,3,,TRUE,CMAES,acqf,4,48,1.17695675700556,0,8,4
none,log,random,0.25,0,gp,,,,matern3_2,0,FALSE,CB,10,,TRUE,CMAES,acqf,4,49,1.04374241404276,0,8,4
none,log,random,0.25,0,gp,,,,matern3_2,0,FALSE,CB,1,,FALSE,CMAES,acqf,4,50,1.08655819191959,0,8,4
none,log,random,0.25,0,gp,,,,matern3_2,0,FALSE,CB,3,,FALSE,CMAES,acqf,4,51,1.177084616541,0,8,4
none,log,random,0.25,0,gp,,,,matern3_2,0,FALSE,CB,10,,FALSE,CMAES,acqf,4,52,1.04032832462764,0,8,4
none,log,random,0.25,0,gp,,,,matern3_2,0,FALSE,EI,,TRUE,,CMAES,acqf,4,53,1.15054419898933,0,8,4
none,log,random,0.25,0,gp,,,,matern3_2,0,FALSE,EI,,FALSE,,RS_1000,acqopt,4,54,0.874488866015152,0,8,4
none,log,random,0.25,0,gp,,,,matern3_2,0,FALSE,EI,,FALSE,,RS,acqopt,4,55,0.953144507524574,0,8,4
none,log,random,0.25,0,gp,,,,matern3_2,0,FALSE,EI,,FALSE,,LS,acqopt,4,56,1.14582038914381,0,8,4
none,log,random,0.25,0,gp,,,,matern3_2,0,FALSE,EI,,FALSE,,DIRECT,acqopt,4,57,1.04624603604462,0,8,4
none,log,random,0.25,0,gp,,,,matern3_2,0,FALSE,EI,,FALSE,,LBFGSB,acqopt,4,58,0.854493014002085,0,8,4
unitcube,log,random,0.25,0,gp,,,,matern3_2,0,FALSE,CB,3,,FALSE,CMAES,input_trafo,5,1,1.18356807618047,0,8,5
none,none,random,0.25,0,gp,,,,matern3_2,0,FALSE,CB,3,,FALSE,CMAES,output_trafo,5,2,0.940802220509938,0,8,5
none,standardize,random,0.25,0,gp,,,,matern3_2,0,FALSE,CB,3,,FALSE,CMAES,output_trafo,5,3,0.943562681813139,0,8,5
none,log,lhs,0.25,0,gp,,,,matern3_2,0,FALSE,CB,3,,FALSE,CMAES,init,5,4,1.17352302760929,0,8,5
none,log,sobol,0.25,0,gp,,,,matern3_2,0,FALSE,CB,3,,FALSE,CMAES,init,5,5,1.17747601931957,0,8,5
none,log,random,0.05,0,gp,,,,matern3_2,0,FALSE,CB,3,,FALSE,CMAES,init_size_fraction,5,6,1.16431304949388,0,8,5
none,log,random,0.10,0,gp,,,,matern3_2,0,FALSE,CB,3,,FALSE,CMAES,init_size_fraction,5,7,1.17708664429078,0,8,5
none,log,random,0.25,2,gp,,,,matern3_2,0,FALSE,CB,3,,FALSE,CMAES,random_interleave_iter,5,8,1.14362423165047,0,8,5
none,log,random,0.25,4,gp,,,,matern3_2,0,FALSE,CB,3,,FALSE,CMAES,random_interleave_iter,5,9,1.1606099488762,0,8,5
none,log,random,0.25,0,rf,TRUE,10,jack,,,,CB,3,,FALSE,CMAES,surrogate,5,10,0.907562403265309,0,8,5
none,log,random,0.25,0,rf,FALSE,10,jack,,,,CB,3,,FALSE,CMAES,surrogate,5,11,0.906265188583593,0,8,5
none,log,random,0.25,0,rf,TRUE,500,jack,,,,CB,3,,FALSE,CMAES,surrogate,5,12,1.00420140067962,0,8,5
none,log,random,0.25,0,rf,FALSE,500,jack,,,,CB,3,,FALSE,CMAES,surrogate,5,13,0.983908422531869,0,8,5
none,log,random,0.25,0,rf,TRUE,10,ensemble_standard_deviation,,,,CB,3,,FALSE,CMAES,surrogate,5,14,1.0109475217818,0,8,5
none,log,random,0.25,0,rf,FALSE,10,ensemble_standard_deviation,,,,CB,3,,FALSE,CMAES,surrogate,5,15,1.01419230066689,0,8,5
none,log,random,0.25,0,rf,TRUE,500,ensemble_standard_deviation,,,,CB,3,,FALSE,CMAES,surrogate,5,16,1.07355745932455,0,8,5
none,log,random,0.25,0,rf,FALSE,500,ensemble_standard_deviation,,,,CB,3,,FALSE,CMAES,surrogate,5,17,1.04280173426436,0,8,5
none,log,random,0.25,0,rf,TRUE,10,law_of_total_variance,,,,CB,3,,FALSE,CMAES,surrogate,5,18,1.05436800318161,0,8,5
none,log,random,0.25,0,rf,FALSE,10,law_of_total_variance,,,,CB,3,,FALSE,CMAES,surrogate,5,19,1.03761063015265,0,8,5
none,log,random,0.25,0,rf,TRUE,500,law_of_total_variance,,,,CB,3,,FALSE,CMAES,surrogate,5,20,1.01342612361052,0,8,5
none,log,random,0.25,0,rf,FALSE,500,law_of_total_variance,,,,CB,3,,FALSE,CMAES,surrogate,5,21,1.01216484259452,0,8,5
none,log,random,0.25,0,gp,,,,gauss,0,TRUE,CB,3,,FALSE,CMAES,surrogate,5,22,1.02013008125764,0,8,5
none,log,random,0.25,0,gp,,,,matern3_2,0,TRUE,CB,3,,FALSE,CMAES,surrogate,5,23,1.1104941420949,0,8,5
none,log,random,0.25,0,gp,,,,matern5_2,0,TRUE,CB,3,,FALSE,CMAES,surrogate,5,24,1.08367124952217,0,8,5
none,log,random,0.25,0,gp,,,,exp,0,TRUE,CB,3,,FALSE,CMAES,surrogate,5,25,1.10430739963767,0,8,5
none,log,random,0.25,0,gp,,,,gauss,1e-3,TRUE,CB,3,,FALSE,CMAES,surrogate,5,26,1.00543763365835,0,8,5
none,log,random,0.25,0,gp,,,,matern3_2,1e-3,TRUE,CB,3,,FALSE,CMAES,surrogate,5,27,1.11072066911211,0,8,5
none,log,random,0.25,0,gp,,,,matern5_2,1e-3,TRUE,CB,3,,FALSE,CMAES,surrogate,5,28,1.05170655260577,0,8,5
none,log,random,0.25,0,gp,,,,exp,1e-3,TRUE,CB,3,,FALSE,CMAES,surrogate,5,29,1.05344292565683,0,8,5
none,log,random,0.25,0,gp,,,,gauss,1e-8,TRUE,CB,3,,FALSE,CMAES,surrogate,5,30,1.01454949787525,0,8,5
none,log,random,0.25,0,gp,,,,matern3_2,1e-8,TRUE,CB,3,,FALSE,CMAES,surrogate,5,31,1.12769476214058,0,8,5
none,log,random,0.25,0,gp,,,,matern5_2,1e-8,TRUE,CB,3,,FALSE,CMAES,surrogate,5,32,1.07662798511357,0,8,5
none,log,random,0.25,0,gp,,,,exp,1e-8,TRUE,CB,3,,FALSE,CMAES,surrogate,5,33,1.09767456082964,0,8,5
none,log,random,0.25,0,gp,,,,gauss,0,FALSE,CB,3,,FALSE,CMAES,surrogate,5,34,1.12786705171315,0,8,5
none,log,random,0.25,0,gp,,,,matern5_2,0,FALSE,CB,3,,FALSE,CMAES,surrogate,5,35,1.15335655213163,0,8,5
none,log,random,0.25,0,gp,,,,exp,0,FALSE,CB,3,,FALSE,CMAES,surrogate,5,36,1.10180982182756,0,8,5
none,log,random,0.25,0,gp,,,,gauss,1e-3,FALSE,CB,3,,FALSE,CMAES,surrogate,5,37,1.03771231664037,0,8,5
none,log,random,0.25,0,gp,,,,matern3_2,1e-3,FALSE,CB,3,,FALSE,CMAES,surrogate,5,38,1.10732387826685,0,8,5
none,log,random,0.25,0,gp,,,,matern5_2,1e-3,FALSE,CB,3,,FALSE,CMAES,surrogate,5,39,1.05766702554702,0,8,5
none,log,random,0.25,0,gp,,,,exp,1e-3,FALSE,CB,3,,FALSE,CMAES,surrogate,5,40,1.09076059548366,0,8,5
none,log,random,0.25,0,gp,,,,gauss,1e-8,FALSE,CB,3,,FALSE,CMAES,surrogate,5,41,1.12254089703049,0,8,5
none,log,random,0.25,0,gp,,,,matern3_2,1e-8,FALSE,CB,3,,FALSE,CMAES,surrogate,5,42,1.18388288814251,0,8,5
none,log,random,0.25,0,gp,,,,matern5_2,1e-8,FALSE,CB,3,,FALSE,CMAES,surrogate,5,43,1.16508511807414,0,8,5
none,log,random,0.25,0,gp,,,,exp,1e-8,FALSE,CB,3,,FALSE,CMAES,surrogate,5,44,1.10883248113912,0,8,5
none,log,random,0.25,0,gp,,,,matern3_2,0,FALSE,PI,,,,CMAES,acqf,5,45,0.0475674839262983,0,8,5
none,log,random,0.25,0,gp,,,,matern3_2,0,FALSE,Mean,,,,CMAES,acqf,5,46,0.987047036014612,0,8,5
none,log,random,0.25,0,gp,,,,matern3_2,0,FALSE,CB,1,,TRUE,CMAES,acqf,5,47,1.07335105767601,0,8,5
none,log,random,0.25,0,gp,,,,matern3_2,0,FALSE,CB,3,,TRUE,CMAES,acqf,5,48,1.18216720482586,0,8,5
none,log,random,0.25,0,gp,,,,matern3_2,0,FALSE,CB,10,,TRUE,CMAES,acqf,5,49,1.04938191602426,0,8,5
none,log,random,0.25,0,gp,,,,matern3_2,0,FALSE,CB,1,,FALSE,CMAES,acqf,5,50,1.06500710330658,0,8,5
none,log,random,0.25,0,gp,,,,matern3_2,0,FALSE,CB,10,,FALSE,CMAES,acqf,5,51,1.04953776113342,0,8,5
none,log,random,0.25,0,gp,,,,matern3_2,0,FALSE,EI,,TRUE,,CMAES,acqf,5,52,1.1639791381535,0,8,5
none,log,random,0.25,0,gp,,,,matern3_2,0,FALSE,EI,,FALSE,,CMAES,acqf,5,53,1.1451683930565,0,8,5
none,log,random,0.25,0,gp,,,,matern3_2,0,FALSE,CB,3,,FALSE,RS_1000,acqopt,5,54,0.895038629855677,0,8,5
none,log,random,0.25,0,gp,,,,matern3_2,0,FALSE,CB,3,,FALSE,RS,acqopt,5,55,0.971538416764613,0,8,5
none,log,random,0.25,0,gp,,,,matern3_2,0,FALSE,CB,3,,FALSE,LS,acqopt,5,56,1.16595349987461,0,8,5
none,log,random,0.25,0,gp,,,,matern3_2,0,FALSE,CB,3,,FALSE,DIRECT,acqopt,5,57,1.05790258892399,0,8,5
none,log,random,0.25,0,gp,,,,matern3_2,0,FALSE,CB,3,,FALSE,LBFGSB,acqopt,5,58,0.829291848371213,0,8,5
unitcube,log,random,0.25,0,gp,,,,matern3_2,1e-8,FALSE,CB,3,,FALSE,CMAES,input_trafo,6,1,1.17357846766168,0,8,6
none,none,random,0.25,0,gp,,,,matern3_2,1e-8,FALSE,CB,3,,FALSE,CMAES,output_trafo,6,2,0.938752005738922,0,8,6
none,standardize,random,0.25,0,gp,,,,matern3_2,1e-8,FALSE,CB,3,,FALSE,CMAES,output_trafo,6,3,0.922788482548779,0,8,6
none,log,lhs,0.25,0,gp,,,,matern3_2,1e-8,FALSE,CB,3,,FALSE,CMAES,init,6,4,1.17001682889629,0,8,6
none,log,sobol,0.25,0,gp,,,,matern3_2,1e-8,FALSE,CB,3,,FALSE,CMAES,init,6,5,1.17778867918311,0,8,6
none,log,random,0.05,0,gp,,,,matern3_2,1e-8,FALSE,CB,3,,FALSE,CMAES,init_size_fraction,6,6,1.18831535098808,0,8,6
none,log,random,0.10,0,gp,,,,matern3_2,1e-8,FALSE,CB,3,,FALSE,CMAES,init_size_fraction,6,7,1.18468464614368,0,8,6
none,log,random,0.25,2,gp,,,,matern3_2,1e-8,FALSE,CB,3,,FALSE,CMAES,random_interleave_iter,6,8,1.13998459637814,0,8,6
none,log,random,0.25,4,gp,,,,matern3_2,1e-8,FALSE,CB,3,,FALSE,CMAES,random_interleave_iter,6,9,1.15761271524059,0,8,6
none,log,random,0.25,0,rf,TRUE,10,jack,,,,CB,3,,FALSE,CMAES,surrogate,6,10,0.917825563781503,0,8,6
none,log,random,0.25,0,rf,FALSE,10,jack,,,,CB,3,,FALSE,CMAES,surrogate,6,11,0.901993189568698,0,8,6
none,log,random,0.25,0,rf,TRUE,500,jack,,,,CB,3,,FALSE,CMAES,surrogate,6,12,1.03672265870014,0,8,6
none,log,random,0.25,0,rf,FALSE,500,jack,,,,CB,3,,FALSE,CMAES,surrogate,6,13,0.99001990393441,0,8,6
none,log,random,0.25,0,rf,TRUE,10,ensemble_standard_deviation,,,,CB,3,,FALSE,CMAES,surrogate,6,14,1.02637577548396,0,8,6
none,log,random,0.25,0,rf,FALSE,10,ensemble_standard_deviation,,,,CB,3,,FALSE,CMAES,surrogate,6,15,1.00207309505198,0,8,6
none,log,random,0.25,0,rf,TRUE,500,ensemble_standard_deviation,,,,CB,3,,FALSE,CMAES,surrogate,6,16,1.06659572032541,0,8,6
none,log,random,0.25,0,rf,FALSE,500,ensemble_standard_deviation,,,,CB,3,,FALSE,CMAES,surrogate,6,17,1.06398443646431,0,8,6
none,log,random,0.25,0,rf,TRUE,10,law_of_total_variance,,,,CB,3,,FALSE,CMAES,surrogate,6,18,1.07173475888262,0,8,6
none,log,random,0.25,0,rf,FALSE,10,law_of_total_variance,,,,CB,3,,FALSE,CMAES,surrogate,6,19,1.00788332616928,0,8,6
none,log,random,0.25,0,rf,TRUE,500,law_of_total_variance,,,,CB,3,,FALSE,CMAES,surrogate,6,20,1.03783015762471,0,8,6
none,log,random,0.25,0,rf,FALSE,500,law_of_total_variance,,,,CB,3,,FALSE,CMAES,surrogate,6,21,1.01046975218789,0,8,6
none,log,random,0.25,0,gp,,,,gauss,0,TRUE,CB,3,,FALSE,CMAES,surrogate,6,22,1.02436867483912,0,8,6
none,log,random,0.25,0,gp,,,,matern3_2,0,TRUE,CB,3,,FALSE,CMAES,surrogate,6,23,1.11388837312935,0,8,6
none,log,random,0.25,0,gp,,,,matern5_2,0,TRUE,CB,3,,FALSE,CMAES,surrogate,6,24,1.08225972709612,0,8,6
none,log,random,0.25,0,gp,,,,exp,0,TRUE,CB,3,,FALSE,CMAES,surrogate,6,25,1.12387256914092,0,8,6
none,log,random,0.25,0,gp,,,,gauss,1e-3,TRUE,CB,3,,FALSE,CMAES,surrogate,6,26,1.04737014318967,0,8,6
none,log,random,0.25,0,gp,,,,matern3_2,1e-3,TRUE,CB,3,,FALSE,CMAES,surrogate,6,27,1.10476528731219,0,8,6
none,log,random,0.25,0,gp,,,,matern5_2,1e-3,TRUE,CB,3,,FALSE,CMAES,surrogate,6,28,1.0183848313976,0,8,6
none,log,random,0.25,0,gp,,,,exp,1e-3,TRUE,CB,3,,FALSE,CMAES,surrogate,6,29,1.07151271900861,0,8,6
none,log,random,0.25,0,gp,,,,gauss,1e-8,TRUE,CB,3,,FALSE,CMAES,surrogate,6,30,0.999401326716548,0,8,6
none,log,random,0.25,0,gp,,,,matern3_2,1e-8,TRUE,CB,3,,FALSE,CMAES,surrogate,6,31,1.09756916070489,0,8,6
none,log,random,0.25,0,gp,,,,matern5_2,1e-8,TRUE,CB,3,,FALSE,CMAES,surrogate,6,32,1.0926947408934,0,8,6
none,log,random,0.25,0,gp,,,,exp,1e-8,TRUE,CB,3,,FALSE,CMAES,surrogate,6,33,1.10519589616333,0,8,6
none,log,random,0.25,0,gp,,,,gauss,0,FALSE,CB,3,,FALSE,CMAES,surrogate,6,34,1.09092017902127,0,8,6
none,log,random,0.25,0,gp,,,,matern3_2,0,FALSE,CB,3,,FALSE,CMAES,surrogate,6,35,1.16444147931258,0,8,6
none,log,random,0.25,0,gp,,,,matern5_2,0,FALSE,CB,3,,FALSE,CMAES,surrogate,6,36,1.16786356046695,0,8,6
none,log,random,0.25,0,gp,,,,exp,0,FALSE,CB,3,,FALSE,CMAES,surrogate,6,37,1.10250982031958,0,8,6
none,log,random,0.25,0,gp,,,,gauss,1e-3,FALSE,CB,3,,FALSE,CMAES,surrogate,6,38,1.02951980427533,0,8,6
none,log,random,0.25,0,gp,,,,matern3_2,1e-3,FALSE,CB,3,,FALSE,CMAES,surrogate,6,39,1.0805114267816,0,8,6
none,log,random,0.25,0,gp,,,,matern5_2,1e-3,FALSE,CB,3,,FALSE,CMAES,surrogate,6,40,1.05138661032235,0,8,6
none,log,random,0.25,0,gp,,,,exp,1e-3,FALSE,CB,3,,FALSE,CMAES,surrogate,6,41,1.08871158533448,0,8,6
none,log,random,0.25,0,gp,,,,gauss,1e-8,FALSE,CB,3,,FALSE,CMAES,surrogate,6,42,1.11676687684032,0,8,6
none,log,random,0.25,0,gp,,,,matern5_2,1e-8,FALSE,CB,3,,FALSE,CMAES,surrogate,6,43,1.16687405774445,0,8,6
none,log,random,0.25,0,gp,,,,exp,1e-8,FALSE,CB,3,,FALSE,CMAES,surrogate,6,44,1.07881347586555,0,8,6
none,log,random,0.25,0,gp,,,,matern3_2,1e-8,FALSE,PI,,,,CMAES,acqf,6,45,0.531973426789457,0,8,6
none,log,random,0.25,0,gp,,,,matern3_2,1e-8,FALSE,Mean,,,,CMAES,acqf,6,46,0.963030739054213,0,8,6
none,log,random,0.25,0,gp,,,,matern3_2,1e-8,FALSE,CB,1,,TRUE,CMAES,acqf,6,47,1.0922953712837,0,8,6
none,log,random,0.25,0,gp,,,,matern3_2,1e-8,FALSE,CB,3,,TRUE,CMAES,acqf,6,48,1.17333476317134,0,8,6
none,log,random,0.25,0,gp,,,,matern3_2,1e-8,FALSE,CB,10,,TRUE,CMAES,acqf,6,49,1.04647787934669,0,8,6
none,log,random,0.25,0,gp,,,,matern3_2,1e-8,FALSE,CB,1,,FALSE,CMAES,acqf,6,50,1.05475405684792,0,8,6
none,log,random,0.25,0,gp,,,,matern3_2,1e-8,FALSE,CB,10,,FALSE,CMAES,acqf,6,51,1.04511891150423,0,8,6
none,log,random,0.25,0,gp,,,,matern3_2,1e-8,FALSE,EI,,TRUE,,CMAES,acqf,6,52,1.15064577097406,0,8,6
none,log,random,0.25,0,gp,,,,matern3_2,1e-8,FALSE,EI,,FALSE,,CMAES,acqf,6,53,1.153870814442,0,8,6
none,log,random,0.25,0,gp,,,,matern3_2,1e-8,FALSE,CB,3,,FALSE,RS_1000,acqopt,6,54,0.895378782238018,0,8,6
none,log,random,0.25,0,gp,,,,matern3_2,1e-8,FALSE,CB,3,,FALSE,RS,acqopt,6,55,0.967508714263915,0,8,6
none,log,random,0.25,0,gp,,,,matern3_2,1e-8,FALSE,CB,3,,FALSE,LS,acqopt,6,56,1.16200083337573,0,8,6
none,log,random,0.25,0,gp,,,,matern3_2,1e-8,FALSE,CB,3,,FALSE,DIRECT,acqopt,6,57,1.06418428129495,0,8,6
none,log,random,0.25,0,gp,,,,matern3_2,1e-8,FALSE,CB,3,,FALSE,LBFGSB,acqopt,6,58,0.832988364091692,0,8,6
unitcube,log,random,0.05,0,gp,,,,matern3_2,1e-8,FALSE,CB,3,,FALSE,CMAES,input_trafo,7,1,1.16924533083908,0,8,7
none,none,random,0.05,0,gp,,,,matern3_2,1e-8,FALSE,CB,3,,FALSE,CMAES,output_trafo,7,2,0.97654022599732,0,8,7
none,standardize,random,0.05,0,gp,,,,matern3_2,1e-8,FALSE,CB,3,,FALSE,CMAES,output_trafo,7,3,0.989831724776965,0,8,7
none,log,lhs,0.05,0,gp,,,,matern3_2,1e-8,FALSE,CB,3,,FALSE,CMAES,init,7,4,1.17012795124849,0,8,7
none,log,sobol,0.05,0,gp,,,,matern3_2,1e-8,FALSE,CB,3,,FALSE,CMAES,init,7,5,1.1801748278239,0,8,7
none,log,random,0.10,0,gp,,,,matern3_2,1e-8,FALSE,CB,3,,FALSE,CMAES,init_size_fraction,7,6,1.15855849003054,0,8,7
none,log,random,0.25,0,gp,,,,matern3_2,1e-8,FALSE,CB,3,,FALSE,CMAES,init_size_fraction,7,7,1.17576094985903,0,8,7
none,log,random,0.05,2,gp,,,,matern3_2,1e-8,FALSE,CB,3,,FALSE,CMAES,random_interleave_iter,7,8,1.15201595244737,0,8,7
none,log,random,0.05,4,gp,,,,matern3_2,1e-8,FALSE,CB,3,,FALSE,CMAES,random_interleave_iter,7,9,1.17120362215273,0,8,7
none,log,random,0.05,0,rf,TRUE,10,jack,,,,CB,3,,FALSE,CMAES,surrogate,7,10,0.913888277629047,0,8,7
none,log,random,0.05,0,rf,FALSE,10,jack,,,,CB,3,,FALSE,CMAES,surrogate,7,11,0.939292487247124,0,8,7
none,log,random,0.05,0,rf,TRUE,500,jack,,,,CB,3,,FALSE,CMAES,surrogate,7,12,0.98491164337917,0,8,7
none,log,random,0.05,0,rf,FALSE,500,jack,,,,CB,3,,FALSE,CMAES,surrogate,7,13,0.984688352962921,0,8,7
none,log,random,0.05,0,rf,TRUE,10,ensemble_standard_deviation,,,,CB,3,,FALSE,CMAES,surrogate,7,14,1.0495954682943,0,8,7
none,log,random,0.05,0,rf,FALSE,10,ensemble_standard_deviation,,,,CB,3,,FALSE,CMAES,surrogate,7,15,1.01023527970392,0,8,7
none,log,random,0.05,0,rf,TRUE,500,ensemble_standard_deviation,,,,CB,3,,FALSE,CMAES,surrogate,7,16,1.08563949204442,0,8,7
none,log,random,0.05,0,rf,FALSE,500,ensemble_standard_deviation,,,,CB,3,,FALSE,CMAES,surrogate,7,17,1.04358516802562,0,8,7
none,log,random,0.05,0,rf,TRUE,10,law_of_total_variance,,,,CB,3,,FALSE,CMAES,surrogate,7,18,0.958731946060888,0,8,7
none,log,random,0.05,0,rf,FALSE,10,law_of_total_variance,,,,CB,3,,FALSE,CMAES,surrogate,7,19,1.01495988853495,0,8,7
none,log,random,0.05,0,rf,TRUE,500,law_of_total_variance,,,,CB,3,,FALSE,CMAES,surrogate,7,20,1.02144506003199,0,8,7
none,log,random,0.05,0,rf,FALSE,500,law_of_total_variance,,,,CB,3,,FALSE,CMAES,surrogate,7,21,1.03478332894914,0,8,7
none,log,random,0.05,0,gp,,,,gauss,0,TRUE,CB,3,,FALSE,CMAES,surrogate,7,22,0.971154030631836,0,8,7
none,log,random,0.05,0,gp,,,,matern3_2,0,TRUE,CB,3,,FALSE,CMAES,surrogate,7,23,1.08820567192515,0,8,7
none,log,random,0.05,0,gp,,,,matern5_2,0,TRUE,CB,3,,FALSE,CMAES,surrogate,7,24,1.02961274030212,0,8,7
none,log,random,0.05,0,gp,,,,exp,0,TRUE,CB,3,,FALSE,CMAES,surrogate,7,25,1.06378772081897,0,8,7
none,log,random,0.05,0,gp,,,,gauss,1e-3,TRUE,CB,3,,FALSE,CMAES,surrogate,7,26,0.99835339819775,0,8,7
none,log,random,0.05,0,gp,,,,matern3_2,1e-3,TRUE,CB,3,,FALSE,CMAES,surrogate,7,27,1.07187592174544,0,8,7
none,log,random,0.05,0,gp,,,,matern5_2,1e-3,TRUE,CB,3,,FALSE,CMAES,surrogate,7,28,1.04035040165812,0,8,7
none,log,random,0.05,0,gp,,,,exp,1e-3,TRUE,CB,3,,FALSE,CMAES,surrogate,7,29,1.05278001084647,0,8,7
none,log,random,0.05,0,gp,,,,gauss,1e-8,TRUE,CB,3,,FALSE,CMAES,surrogate,7,30,0.936856957777614,0,8,7
none,log,random,0.05,0,gp,,,,matern3_2,1e-8,TRUE,CB,3,,FALSE,CMAES,surrogate,7,31,1.08984362402847,0,8,7
none,log,random,0.05,0,gp,,,,matern5_2,1e-8,TRUE,CB,3,,FALSE,CMAES,surrogate,7,32,1.04094601827733,0,8,7
none,log,random,0.05,0,gp,,,,exp,1e-8,TRUE,CB,3,,FALSE,CMAES,surrogate,7,33,1.07906244224392,0,8,7
none,log,random,0.05,0,gp,,,,gauss,0,FALSE,CB,3,,FALSE,CMAES,surrogate,7,34,1.13481721908237,0,8,7
none,log,random,0.05,0,gp,,,,matern3_2,0,FALSE,CB,3,,FALSE,CMAES,surrogate,7,35,1.17963805310742,0,8,7
none,log,random,0.05,0,gp,,,,matern5_2,0,FALSE,CB,3,,FALSE,CMAES,surrogate,7,36,1.16973117343348,0,8,7
none,log,random,0.05,0,gp,,,,exp,0,FALSE,CB,3,,FALSE,CMAES,surrogate,7,37,1.06420586011868,0,8,7
none,log,random,0.05,0,gp,,,,gauss,1e-3,FALSE,CB,3,,FALSE,CMAES,surrogate,7,38,1.13927278101771,0,8,7
none,log,random,0.05,0,gp,,,,matern3_2,1e-3,FALSE,CB,3,,FALSE,CMAES,surrogate,7,39,1.16474157504322,0,8,7
none,log,random,0.05,0,gp,,,,matern5_2,1e-3,FALSE,CB,3,,FALSE,CMAES,surrogate,7,40,1.15076313870486,0,8,7
none,log,random,0.05,0,gp,,,,exp,1e-3,FALSE,CB,3,,FALSE,CMAES,surrogate,7,41,1.04571360629738,0,8,7
none,log,random,0.05,0,gp,,,,gauss,1e-8,FALSE,CB,3,,FALSE,CMAES,surrogate,7,42,1.16041011587548,0,8,7
none,log,random,0.05,0,gp,,,,matern5_2,1e-8,FALSE,CB,3,,FALSE,CMAES,surrogate,7,43,1.17316978604032,0,8,7
none,log,random,0.05,0,gp,,,,exp,1e-8,FALSE,CB,3,,FALSE,CMAES,surrogate,7,44,1.06381933321043,0,8,7
none,log,random,0.05,0,gp,,,,matern3_2,1e-8,FALSE,PI,,,,CMAES,acqf,7,45,0.0879723071522868,0,8,7
none,log,random,0.05,0,gp,,,,matern3_2,1e-8,FALSE,Mean,,,,CMAES,acqf,7,46,0.864316066526912,0,8,7
none,log,random,0.05,0,gp,,,,matern3_2,1e-8,FALSE,CB,1,,TRUE,CMAES,acqf,7,47,1.06716398676391,0,8,7
none,log,random,0.05,0,gp,,,,matern3_2,1e-8,FALSE,CB,3,,TRUE,CMAES,acqf,7,48,1.15780885213317,0,8,7
none,log,random,0.05,0,gp,,,,matern3_2,1e-8,FALSE,CB,10,,TRUE,CMAES,acqf,7,49,1.05791648901265,0,8,7
none,log,random,0.05,0,gp,,,,matern3_2,1e-8,FALSE,CB,1,,FALSE,CMAES,acqf,7,50,1.02355222596114,0,8,7
none,log,random,0.05,0,gp,,,,matern3_2,1e-8,FALSE,CB,10,,FALSE,CMAES,acqf,7,51,1.05578980604284,0,8,7
none,log,random,0.05,0,gp,,,,matern3_2,1e-8,FALSE,EI,,TRUE,,CMAES,acqf,7,52,1.15585342702571,0,8,7
none,log,random,0.05,0,gp,,,,matern3_2,1e-8,FALSE,EI,,FALSE,,CMAES,acqf,7,53,1.10285932972573,0,8,7
none,log,random,0.05,0,gp,,,,matern3_2,1e-8,FALSE,CB,3,,FALSE,RS_1000,acqopt,7,54,0.900073710108767,0,8,7
none,log,random,0.05,0,gp,,,,matern3_2,1e-8,FALSE,CB,3,,FALSE,RS,acqopt,7,55,0.988124023794871,0,8,7
none,log,random,0.05,0,gp,,,,matern3_2,1e-8,FALSE,CB,3,,FALSE,LS,acqopt,7,56,1.17716640538016,0,8,7
none,log,random,0.05,0,gp,,,,matern3_2,1e-8,FALSE,CB,3,,FALSE,DIRECT,acqopt,7,57,1.07999289680988,0,8,7
none,log,random,0.05,0,gp,,,,matern3_2,1e-8,FALSE,CB,3,,FALSE,LBFGSB,acqopt,7,58,0.602643479782759,0,8,7
unitcube,log,sobol,0.05,0,gp,,,,matern3_2,1e-8,FALSE,CB,3,,FALSE,CMAES,input_trafo,8,1,1.18188242043686,0,8,8
none,none,sobol,0.05,0,gp,,,,matern3_2,1e-8,FALSE,CB,3,,FALSE,CMAES,output_trafo,8,2,0.981273715812028,0,8,8
none,standardize,sobol,0.05,0,gp,,,,matern3_2,1e-8,FALSE,CB,3,,FALSE,CMAES,output_trafo,8,3,0.982980441417876,0,8,8
none,log,random,0.05,0,gp,,,,matern3_2,1e-8,FALSE,CB,3,,FALSE,CMAES,init,8,4,1.1809808528012,0,8,8
none,log,lhs,0.05,0,gp,,,,matern3_2,1e-8,FALSE,CB,3,,FALSE,CMAES,init,8,5,1.17678507112225,0,8,8
none,log,sobol,0.10,0,gp,,,,matern3_2,1e-8,FALSE,CB,3,,FALSE,CMAES,init_size_fraction,8,6,1.17311066295295,0,8,8
none,log,sobol,0.25,0,gp,,,,matern3_2,1e-8,FALSE,CB,3,,FALSE,CMAES,init_size_fraction,8,7,1.16707645191506,0,8,8
none,log,sobol,0.05,2,gp,,,,matern3_2,1e-8,FALSE,CB,3,,FALSE,CMAES,random_interleave_iter,8,8,1.16577717156686,0,8,8
none,log,sobol,0.05,4,gp,,,,matern3_2,1e-8,FALSE,CB,3,,FALSE,CMAES,random_interleave_iter,8,9,1.18001451079614,0,8,8
none,log,sobol,0.05,0,rf,TRUE,10,jack,,,,CB,3,,FALSE,CMAES,surrogate,8,10,0.934288221229962,0,8,8
none,log,sobol,0.05,0,rf,FALSE,10,jack,,,,CB,3,,FALSE,CMAES,surrogate,8,11,0.918726951532009,0,8,8
none,log,sobol,0.05,0,rf,TRUE,500,jack,,,,CB,3,,FALSE,CMAES,surrogate,8,12,0.992193535954231,0,8,8
none,log,sobol,0.05,0,rf,FALSE,500,jack,,,,CB,3,,FALSE,CMAES,surrogate,8,13,0.928729078601488,0,8,8
none,log,sobol,0.05,0,rf,TRUE,10,ensemble_standard_deviation,,,,CB,3,,FALSE,CMAES,surrogate,8,14,1.05184800923335,0,8,8
none,log,sobol,0.05,0,rf,FALSE,10,ensemble_standard_deviation,,,,CB,3,,FALSE,CMAES,surrogate,8,15,1.00237175150998,0,8,8
none,log,sobol,0.05,0,rf,TRUE,500,ensemble_standard_deviation,,,,CB,3,,FALSE,CMAES,surrogate,8,16,1.0428622473766,0,8,8
none,log,sobol,0.05,0,rf,FALSE,500,ensemble_standard_deviation,,,,CB,3,,FALSE,CMAES,surrogate,8,17,1.0718010560078,0,8,8
none,log,sobol,0.05,0,rf,TRUE,10,law_of_total_variance,,,,CB,3,,FALSE,CMAES,surrogate,8,18,1.06246427944001,0,8,8
none,log,sobol,0.05,0,rf,FALSE,10,law_of_total_variance,,,,CB,3,,FALSE,CMAES,surrogate,8,19,1.04802907649029,0,8,8
none,log,sobol,0.05,0,rf,TRUE,500,law_of_total_variance,,,,CB,3,,FALSE,CMAES,surrogate,8,20,1.03705274545115,0,8,8
none,log,sobol,0.05,0,rf,FALSE,500,law_of_total_variance,,,,CB,3,,FALSE,CMAES,surrogate,8,21,0.988571070760452,0,8,8
none,log,sobol,0.05,0,gp,,,,gauss,0,TRUE,CB,3,,FALSE,CMAES,surrogate,8,22,0.953303209179196,0,8,8
none,log,sobol,0.05,0,gp,,,,matern3_2,0,TRUE,CB,3,,FALSE,CMAES,surrogate,8,23,1.0619865998564,0,8,8
none,log,sobol,0.05,0,gp,,,,matern5_2,0,TRUE,CB,3,,FALSE,CMAES,surrogate,8,24,1.01860685240395,0,8,8
none,log,sobol,0.05,0,gp,,,,exp,0,TRUE,CB,3,,FALSE,CMAES,surrogate,8,25,1.0876758339311,0,8,8
none,log,sobol,0.05,0,gp,,,,gauss,1e-3,TRUE,CB,3,,FALSE,CMAES,surrogate,8,26,0.985405000259522,0,8,8
none,log,sobol,0.05,0,gp,,,,matern3_2,1e-3,TRUE,CB,3,,FALSE,CMAES,surrogate,8,27,1.05101216327908,0,8,8
none,log,sobol,0.05,0,gp,,,,matern5_2,1e-3,TRUE,CB,3,,FALSE,CMAES,surrogate,8,28,1.05038366194488,0,8,8
none,log,sobol,0.05,0,gp,,,,exp,1e-3,TRUE,CB,3,,FALSE,CMAES,surrogate,8,29,1.07390532772739,0,8,8
none,log,sobol,0.05,0,gp,,,,gauss,1e-8,TRUE,CB,3,,FALSE,CMAES,surrogate,8,30,0.992266495180761,0,8,8
none,log,sobol,0.05,0,gp,,,,matern3_2,1e-8,TRUE,CB,3,,FALSE,CMAES,surrogate,8,31,1.01848713402516,0,8,8
none,log,sobol,0.05,0,gp,,,,matern5_2,1e-8,TRUE,CB,3,,FALSE,CMAES,surrogate,8,32,1.03454839918624,0,8,8
none,log,sobol,0.05,0,gp,,,,exp,1e-8,TRUE,CB,3,,FALSE,CMAES,surrogate,8,33,1.08763188632654,0,8,8
none,log,sobol,0.05,0,gp,,,,gauss,0,FALSE,CB,3,,FALSE,CMAES,surrogate,8,34,1.13691196647179,0,8,8
none,log,sobol,0.05,0,gp,,,,matern3_2,0,FALSE,CB,3,,FALSE,CMAES,surrogate,8,35,1.15726042442804,0,8,8
none,log,sobol,0.05,0,gp,,,,matern5_2,0,FALSE,CB,3,,FALSE,CMAES,surrogate,8,36,1.16943399568675,0,8,8
none,log,sobol,0.05,0,gp,,,,exp,0,FALSE,CB,3,,FALSE,CMAES,surrogate,8,37,1.01803774776271,0,8,8
none,log,sobol,0.05,0,gp,,,,gauss,1e-3,FALSE,CB,3,,FALSE,CMAES,surrogate,8,38,1.1516379478999,0,8,8
none,log,sobol,0.05,0,gp,,,,matern3_2,1e-3,FALSE,CB,3,,FALSE,CMAES,surrogate,8,39,1.14143065683875,0,8,8
none,log,sobol,0.05,0,gp,,,,matern5_2,1e-3,FALSE,CB,3,,FALSE,CMAES,surrogate,8,40,1.15577131676302,0,8,8
none,log,sobol,0.05,0,gp,,,,exp,1e-3,FALSE,CB,3,,FALSE,CMAES,surrogate,8,41,1.07195035393047,0,8,8
none,log,sobol,0.05,0,gp,,,,gauss,1e-8,FALSE,CB,3,,FALSE,CMAES,surrogate,8,42,1.14442239716523,0,8,8
none,log,sobol,0.05,0,gp,,,,matern5_2,1e-8,FALSE,CB,3,,FALSE,CMAES,surrogate,8,43,1.16787094942631,0,8,8
none,log,sobol,0.05,0,gp,,,,exp,1e-8,FALSE,CB,3,,FALSE,CMAES,surrogate,8,44,1.07554827591941,0,8,8
none,log,sobol,0.05,0,gp,,,,matern3_2,1e-8,FALSE,PI,,,,CMAES,acqf,8,45,0.306809387094554,0,8,8
none,log,sobol,0.05,0,gp,,,,matern3_2,1e-8,FALSE,Mean,,,,CMAES,acqf,8,46,0.8526745027091,0,8,8
none,log,sobol,0.05,0,gp,,,,matern3_2,1e-8,FALSE,CB,1,,TRUE,CMAES,acqf,8,47,1.05048564437431,0,8,8
none,log,sobol,0.05,0,gp,,,,matern3_2,1e-8,FALSE,CB,3,,TRUE,CMAES,acqf,8,48,1.17249134795831,0,8,8
none,log,sobol,0.05,0,gp,,,,matern3_2,1e-8,FALSE,CB,10,,TRUE,CMAES,acqf,8,49,1.05812868878016,0,8,8
none,log,sobol,0.05,0,gp,,,,matern3_2,1e-8,FALSE,CB,1,,FALSE,CMAES,acqf,8,50,1.05565284105187,0,8,8
none,log,sobol,0.05,0,gp,,,,matern3_2,1e-8,FALSE,CB,10,,FALSE,CMAES,acqf,8,51,1.04263431258039,0,8,8
none,log,sobol,0.05,0,gp,,,,matern3_2,1e-8,FALSE,EI,,TRUE,,CMAES,acqf,8,52,1.13201642914702,0,8,8
none,log,sobol,0.05,0,gp,,,,matern3_2,1e-8,FALSE,EI,,FALSE,,CMAES,acqf,8,53,1.15068497202697,0,8,8
none,log,sobol,0.05,0,gp,,,,matern3_2,1e-8,FALSE,CB,3,,FALSE,RS_1000,acqopt,8,54,0.911244542257585,0,8,8
none,log,sobol,0.05,0,gp,,,,matern3_2,1e-8,FALSE,CB,3,,FALSE,RS,acqopt,8,55,0.987232846618863,0,8,8
none,log,sobol,0.05,0,gp,,,,matern3_2,1e-8,FALSE,CB,3,,FALSE,LS,acqopt,8,56,1.17560017056348,0,8,8
none,log,sobol,0.05,0,gp,,,,matern3_2,1e-8,FALSE,CB,3,,FALSE,DIRECT,acqopt,8,57,1.08043979852113,0,8,8
none,log,sobol,0.05,0,gp,,,,matern3_2,1e-8,FALSE,CB,3,,FALSE,LBFGSB,acqopt,8,58,0.617627489708937,0,8,8
