algorithm,scenario,instance,runtime,dim,repl
optuna,lcbench,167168,633,7,1
optuna,lcbench,167168,405,7,2
optuna,lcbench,167168,533,7,3
optuna,lcbench,167168,495,7,4
optuna,lcbench,167168,413,7,5
optuna,lcbench,167168,285,7,6
optuna,lcbench,167168,635,7,7
optuna,lcbench,167168,405,7,8
optuna,lcbench,167168,530,7,9
optuna,lcbench,167168,497,7,10
optuna,lcbench,167168,413,7,11
optuna,lcbench,167168,285,7,12
optuna,lcbench,167168,634,7,13
optuna,lcbench,167168,404,7,14
optuna,lcbench,167168,530,7,15
optuna,lcbench,167168,495,7,16
optuna,lcbench,167168,412,7,17
optuna,lcbench,167168,285,7,18
optuna,lcbench,167168,636,7,19
optuna,lcbench,167168,404,7,20
optuna,lcbench,167168,532,7,21
optuna,lcbench,167168,496,7,22
optuna,lcbench,167168,414,7,23
optuna,lcbench,167168,285,7,24
optuna,lcbench,167168,634,7,25
optuna,lcbench,167168,404,7,26
optuna,lcbench,167168,532,7,27
optuna,lcbench,167168,495,7,28
optuna,lcbench,167168,412,7,29
optuna,lcbench,167168,285,7,30
optuna,lcbench,189873,634,7,1
optuna,lcbench,189873,404,7,2
optuna,lcbench,189873,531,7,3
optuna,lcbench,189873,495,7,4
optuna,lcbench,189873,413,7,5
optuna,lcbench,189873,284,7,6
optuna,lcbench,189873,635,7,7
optuna,lcbench,189873,405,7,8
optuna,lcbench,189873,530,7,9
optuna,lcbench,189873,496,7,10
optuna,lcbench,189873,413,7,11
optuna,lcbench,189873,284,7,12
optuna,lcbench,189873,634,7,13
optuna,lcbench,189873,404,7,14
optuna,lcbench,189873,531,7,15
optuna,lcbench,189873,496,7,16
optuna,lcbench,189873,412,7,17
optuna,lcbench,189873,285,7,18
optuna,lcbench,189873,633,7,19
optuna,lcbench,189873,404,7,20
optuna,lcbench,189873,531,7,21
optuna,lcbench,189873,496,7,22
optuna,lcbench,189873,289,7,23
optuna,lcbench,189873,285,7,24
optuna,lcbench,189873,290,7,25
optuna,lcbench,189873,404,7,26
optuna,lcbench,189873,533,7,27
optuna,lcbench,189873,496,7,28
optuna,lcbench,189873,414,7,29
optuna,lcbench,189873,285,7,30
optuna,lcbench,189906,635,7,1
optuna,lcbench,189906,404,7,2
optuna,lcbench,189906,127,7,3
optuna,lcbench,189906,497,7,4
optuna,lcbench,189906,289,7,5
optuna,lcbench,189906,284,7,6
optuna,lcbench,189906,290,7,7
optuna,lcbench,189906,405,7,8
optuna,lcbench,189906,126,7,9
optuna,lcbench,189906,496,7,10
optuna,lcbench,189906,290,7,11
optuna,lcbench,189906,285,7,12
optuna,lcbench,189906,635,7,13
optuna,lcbench,189906,405,7,14
optuna,lcbench,189906,531,7,15
optuna,lcbench,189906,496,7,16
optuna,lcbench,189906,414,7,17
optuna,lcbench,189906,283,7,18
optuna,lcbench,189906,290,7,19
optuna,lcbench,189906,405,7,20
optuna,lcbench,189906,127,7,21
optuna,lcbench,189906,496,7,22
optuna,lcbench,189906,289,7,23
optuna,lcbench,189906,284,7,24
optuna,lcbench,189906,289,7,25
optuna,lcbench,189906,405,7,26
optuna,lcbench,189906,128,7,27
optuna,lcbench,189906,496,7,28
optuna,lcbench,189906,290,7,29
optuna,lcbench,189906,285,7,30
optuna,nb301,CIFAR10,754,34,1
optuna,nb301,CIFAR10,569,34,2
optuna,nb301,CIFAR10,653,34,3
optuna,nb301,CIFAR10,637,34,4
optuna,nb301,CIFAR10,577,34,5
optuna,nb301,CIFAR10,464,34,6
optuna,nb301,CIFAR10,435,34,7
optuna,nb301,CIFAR10,570,34,8
optuna,nb301,CIFAR10,271,34,9
optuna,nb301,CIFAR10,637,34,10
optuna,nb301,CIFAR10,435,34,11
optuna,nb301,CIFAR10,460,34,12
optuna,nb301,CIFAR10,438,34,13
optuna,nb301,CIFAR10,569,34,14
optuna,nb301,CIFAR10,654,34,15
optuna,nb301,CIFAR10,637,34,16
optuna,nb301,CIFAR10,438,34,17
optuna,nb301,CIFAR10,464,34,18
optuna,nb301,CIFAR10,436,34,19
optuna,nb301,CIFAR10,570,34,20
optuna,nb301,CIFAR10,654,34,21
optuna,nb301,CIFAR10,638,34,22
optuna,nb301,CIFAR10,580,34,23
optuna,nb301,CIFAR10,464,34,24
optuna,nb301,CIFAR10,754,34,25
optuna,nb301,CIFAR10,570,34,26
optuna,nb301,CIFAR10,271,34,27
optuna,nb301,CIFAR10,637,34,28
optuna,nb301,CIFAR10,438,34,29
optuna,nb301,CIFAR10,462,34,30
optuna,rbv2_rpart,14,272,5,1
optuna,rbv2_rpart,14,384,5,2
optuna,rbv2_rpart,14,109,5,3
optuna,rbv2_rpart,14,479,5,4
optuna,rbv2_rpart,14,271,5,5
optuna,rbv2_rpart,14,268,5,6
optuna,rbv2_rpart,14,619,5,7
optuna,rbv2_rpart,14,386,5,8
optuna,rbv2_rpart,14,516,5,9
optuna,rbv2_rpart,14,478,5,10
optuna,rbv2_rpart,14,394,5,11
optuna,rbv2_rpart,14,267,5,12
optuna,rbv2_rpart,14,272,5,13
optuna,rbv2_rpart,14,385,5,14
optuna,rbv2_rpart,14,274,5,15
optuna,rbv2_rpart,14,479,5,16
optuna,rbv2_rpart,14,272,5,17
optuna,rbv2_rpart,14,266,5,18
optuna,rbv2_rpart,14,273,5,19
optuna,rbv2_rpart,14,386,5,20
optuna,rbv2_rpart,14,271,5,21
optuna,rbv2_rpart,14,478,5,22
optuna,rbv2_rpart,14,396,5,23
optuna,rbv2_rpart,14,266,5,24
optuna,rbv2_rpart,14,272,5,25
optuna,rbv2_rpart,14,386,5,26
optuna,rbv2_rpart,14,515,5,27
optuna,rbv2_rpart,14,480,5,28
optuna,rbv2_rpart,14,271,5,29
optuna,rbv2_rpart,14,266,5,30
optuna,rbv2_rpart,40499,272,5,1
optuna,rbv2_rpart,40499,386,5,2
optuna,rbv2_rpart,40499,272,5,3
optuna,rbv2_rpart,40499,478,5,4
optuna,rbv2_rpart,40499,273,5,5
optuna,rbv2_rpart,40499,266,5,6
optuna,rbv2_rpart,40499,273,5,7
optuna,rbv2_rpart,40499,386,5,8
optuna,rbv2_rpart,40499,273,5,9
optuna,rbv2_rpart,40499,479,5,10
optuna,rbv2_rpart,40499,272,5,11
optuna,rbv2_rpart,40499,267,5,12
optuna,rbv2_rpart,40499,271,5,13
optuna,rbv2_rpart,40499,386,5,14
optuna,rbv2_rpart,40499,272,5,15
optuna,rbv2_rpart,40499,478,5,16
optuna,rbv2_rpart,40499,396,5,17
optuna,rbv2_rpart,40499,267,5,18
optuna,rbv2_rpart,40499,620,5,19
optuna,rbv2_rpart,40499,385,5,20
optuna,rbv2_rpart,40499,273,5,21
optuna,rbv2_rpart,40499,479,5,22
optuna,rbv2_rpart,40499,272,5,23
optuna,rbv2_rpart,40499,265,5,24
optuna,rbv2_rpart,40499,272,5,25
optuna,rbv2_rpart,40499,385,5,26
optuna,rbv2_rpart,40499,272,5,27
optuna,rbv2_rpart,40499,478,5,28
optuna,rbv2_rpart,40499,273,5,29
optuna,rbv2_rpart,40499,267,5,30
optuna,rbv2_ranger,16,647,8,1
optuna,rbv2_ranger,16,419,8,2
optuna,rbv2_ranger,16,544,8,3
optuna,rbv2_ranger,16,510,8,4
optuna,rbv2_ranger,16,429,8,5
optuna,rbv2_ranger,16,298,8,6
optuna,rbv2_ranger,16,300,8,7
optuna,rbv2_ranger,16,421,8,8
optuna,rbv2_ranger,16,303,8,9
optuna,rbv2_ranger,16,511,8,10
optuna,rbv2_ranger,16,139,8,11
optuna,rbv2_ranger,16,300,8,12
optuna,rbv2_ranger,16,140,8,13
optuna,rbv2_ranger,16,419,8,14
optuna,rbv2_ranger,16,139,8,15
optuna,rbv2_ranger,16,510,8,16
optuna,rbv2_ranger,16,427,8,17
optuna,rbv2_ranger,16,300,8,18
optuna,rbv2_ranger,16,138,8,19
optuna,rbv2_ranger,16,418,8,20
optuna,rbv2_ranger,16,545,8,21
optuna,rbv2_ranger,16,509,8,22
optuna,rbv2_ranger,16,141,8,23
optuna,rbv2_ranger,16,299,8,24
optuna,rbv2_ranger,16,140,8,25
optuna,rbv2_ranger,16,420,8,26
optuna,rbv2_ranger,16,140,8,27
optuna,rbv2_ranger,16,510,8,28
optuna,rbv2_ranger,16,140,8,29
optuna,rbv2_ranger,16,299,8,30
optuna,rbv2_ranger,42,139,8,1
optuna,rbv2_ranger,42,420,8,2
optuna,rbv2_ranger,42,139,8,3
optuna,rbv2_ranger,42,510,8,4
optuna,rbv2_ranger,42,428,8,5
optuna,rbv2_ranger,42,299,8,6
optuna,rbv2_ranger,42,139,8,7
optuna,rbv2_ranger,42,420,8,8
optuna,rbv2_ranger,42,178,8,9
optuna,rbv2_ranger,42,509,8,10
optuna,rbv2_ranger,42,428,8,11
optuna,rbv2_ranger,42,298,8,12
optuna,rbv2_ranger,42,646,8,13
optuna,rbv2_ranger,42,419,8,14
optuna,rbv2_ranger,42,179,8,15
optuna,rbv2_ranger,42,510,8,16
optuna,rbv2_ranger,42,179,8,17
optuna,rbv2_ranger,42,302,8,18
optuna,rbv2_ranger,42,178,8,19
optuna,rbv2_ranger,42,421,8,20
optuna,rbv2_ranger,42,179,8,21
optuna,rbv2_ranger,42,511,8,22
optuna,rbv2_ranger,42,178,8,23
optuna,rbv2_ranger,42,300,8,24
optuna,rbv2_ranger,42,647,8,25
optuna,rbv2_ranger,42,420,8,26
optuna,rbv2_ranger,42,544,8,27
optuna,rbv2_ranger,42,512,8,28
optuna,rbv2_ranger,42,427,8,29
optuna,rbv2_ranger,42,299,8,30
optuna,rbv2_xgboost,12,171,14,1
optuna,rbv2_xgboost,12,458,14,2
optuna,rbv2_xgboost,12,172,14,3
optuna,rbv2_xgboost,12,545,14,4
optuna,rbv2_xgboost,12,171,14,5
optuna,rbv2_xgboost,12,340,14,6
optuna,rbv2_xgboost,12,172,14,7
optuna,rbv2_xgboost,12,459,14,8
optuna,rbv2_xgboost,12,170,14,9
optuna,rbv2_xgboost,12,546,14,10
optuna,rbv2_xgboost,12,465,14,11
optuna,rbv2_xgboost,12,338,14,12
optuna,rbv2_xgboost,12,677,14,13
optuna,rbv2_xgboost,12,456,14,14
optuna,rbv2_xgboost,12,173,14,15
optuna,rbv2_xgboost,12,547,14,16
optuna,rbv2_xgboost,12,172,14,17
optuna,rbv2_xgboost,12,340,14,18
optuna,rbv2_xgboost,12,172,14,19
optuna,rbv2_xgboost,12,459,14,20
optuna,rbv2_xgboost,12,170,14,21
optuna,rbv2_xgboost,12,544,14,22
optuna,rbv2_xgboost,12,172,14,23
optuna,rbv2_xgboost,12,342,14,24
optuna,rbv2_xgboost,12,171,14,25
optuna,rbv2_xgboost,12,457,14,26
optuna,rbv2_xgboost,12,171,14,27
optuna,rbv2_xgboost,12,546,14,28
optuna,rbv2_xgboost,12,465,14,29
optuna,rbv2_xgboost,12,172,14,30
optuna,rbv2_xgboost,1501,173,14,1
optuna,rbv2_xgboost,1501,459,14,2
optuna,rbv2_xgboost,1501,336,14,3
optuna,rbv2_xgboost,1501,172,14,4
optuna,rbv2_xgboost,1501,174,14,5
optuna,rbv2_xgboost,1501,342,14,6
optuna,rbv2_xgboost,1501,677,14,7
optuna,rbv2_xgboost,1501,173,14,8
optuna,rbv2_xgboost,1501,338,14,9
optuna,rbv2_xgboost,1501,173,14,10
optuna,rbv2_xgboost,1501,338,14,11
optuna,rbv2_xgboost,1501,174,14,12
optuna,rbv2_xgboost,1501,336,14,13
optuna,rbv2_xgboost,1501,173,14,14
optuna,rbv2_xgboost,1501,336,14,15
optuna,rbv2_xgboost,1501,174,14,16
optuna,rbv2_xgboost,1501,338,14,17
optuna,rbv2_xgboost,1501,174,14,18
optuna,rbv2_xgboost,1501,675,14,19
optuna,rbv2_xgboost,1501,174,14,20
optuna,rbv2_xgboost,1501,573,14,21
optuna,rbv2_xgboost,1501,173,14,22
optuna,rbv2_xgboost,1501,467,14,23
optuna,rbv2_xgboost,1501,216,14,24
optuna,rbv2_xgboost,1501,335,14,25
optuna,rbv2_xgboost,1501,215,14,26
optuna,rbv2_xgboost,1501,336,14,27
optuna,rbv2_xgboost,1501,214,14,28
optuna,rbv2_xgboost,1501,337,14,29
optuna,rbv2_xgboost,1501,200,14,30
optuna,rbv2_xgboost,16,198,14,1
optuna,rbv2_xgboost,16,198,14,2
optuna,rbv2_xgboost,16,196,14,3
optuna,rbv2_xgboost,16,198,14,4
optuna,rbv2_xgboost,16,468,14,5
optuna,rbv2_xgboost,16,197,14,6
optuna,rbv2_xgboost,16,674,14,7
optuna,rbv2_xgboost,16,198,14,8
optuna,rbv2_xgboost,16,197,14,9
optuna,rbv2_xgboost,16,197,14,10
optuna,rbv2_xgboost,16,198,14,11
optuna,rbv2_xgboost,16,195,14,12
optuna,rbv2_xgboost,16,196,14,13
optuna,rbv2_xgboost,16,196,14,14
optuna,rbv2_xgboost,16,195,14,15
optuna,rbv2_xgboost,16,196,14,16
optuna,rbv2_xgboost,16,193,14,17
optuna,rbv2_xgboost,16,193,14,18
optuna,rbv2_xgboost,16,162,14,19
optuna,rbv2_xgboost,16,161,14,20
optuna,rbv2_xgboost,16,161,14,21
optuna,rbv2_xgboost,16,161,14,22
optuna,rbv2_xgboost,16,465,14,23
optuna,rbv2_xgboost,16,162,14,24
optuna,rbv2_xgboost,16,676,14,25
optuna,rbv2_xgboost,16,161,14,26
optuna,rbv2_xgboost,16,574,14,27
optuna,rbv2_xgboost,16,163,14,28
optuna,rbv2_xgboost,16,162,14,29
optuna,rbv2_xgboost,16,161,14,30
optuna,rbv2_super,1457,307,38,1
optuna,rbv2_super,1457,245,38,2
optuna,rbv2_super,1457,243,38,3
optuna,rbv2_super,1457,246,38,4
optuna,rbv2_super,1457,244,38,5
optuna,rbv2_super,1457,245,38,6
optuna,rbv2_super,1457,245,38,7
optuna,rbv2_super,1457,246,38,8
optuna,rbv2_super,1457,246,38,9
optuna,rbv2_super,1457,258,38,10
optuna,rbv2_super,1457,244,38,11
optuna,rbv2_super,1457,257,38,12
optuna,rbv2_super,1457,757,38,13
optuna,rbv2_super,1457,257,38,14
optuna,rbv2_super,1457,659,38,15
optuna,rbv2_super,1457,254,38,16
optuna,rbv2_super,1457,586,38,17
optuna,rbv2_super,1457,255,38,18
optuna,rbv2_super,1457,246,38,19
optuna,rbv2_super,1457,253,38,20
optuna,rbv2_super,1457,245,38,21
optuna,rbv2_super,1457,252,38,22
optuna,rbv2_super,1457,265,38,23
optuna,rbv2_super,1457,252,38,24
optuna,rbv2_super,1457,262,38,25
optuna,rbv2_super,1457,252,38,26
optuna,rbv2_super,1457,264,38,27
optuna,rbv2_super,1457,251,38,28
optuna,rbv2_super,1457,582,38,29
optuna,rbv2_super,1457,251,38,30
optuna,rbv2_super,1063,758,38,1
optuna,rbv2_super,1063,250,38,2
optuna,rbv2_super,1063,657,38,3
optuna,rbv2_super,1063,250,38,4
optuna,rbv2_super,1063,262,38,5
optuna,rbv2_super,1063,333,38,6
optuna,rbv2_super,1063,261,38,7
optuna,rbv2_super,1063,264,38,8
optuna,rbv2_super,1063,268,38,9
optuna,rbv2_super,1063,267,38,10
optuna,rbv2_super,1063,268,38,11
optuna,rbv2_super,1063,332,38,12
optuna,rbv2_super,1063,267,38,13
optuna,rbv2_super,1063,267,38,14
optuna,rbv2_super,1063,266,38,15
optuna,rbv2_super,1063,266,38,16
optuna,rbv2_super,1063,267,38,17
optuna,rbv2_super,1063,332,38,18
optuna,rbv2_super,1063,759,38,19
optuna,rbv2_super,1063,265,38,20
optuna,rbv2_super,1063,659,38,21
optuna,rbv2_super,1063,266,38,22
optuna,rbv2_super,1063,265,38,23
optuna,rbv2_super,1063,333,38,24
optuna,rbv2_super,1063,264,38,25
optuna,rbv2_super,1063,264,38,26
optuna,rbv2_super,1063,263,38,27
optuna,rbv2_super,1063,263,38,28
optuna,rbv2_super,1063,286,38,29
optuna,rbv2_super,1063,332,38,30
optuna,rbv2_super,15,242,38,1
optuna,rbv2_super,15,278,38,2
optuna,rbv2_super,15,243,38,3
optuna,rbv2_super,15,277,38,4
optuna,rbv2_super,15,286,38,5
optuna,rbv2_super,15,335,38,6
optuna,rbv2_super,15,759,38,7
optuna,rbv2_super,15,277,38,8
optuna,rbv2_super,15,659,38,9
optuna,rbv2_super,15,243,38,10
optuna,rbv2_super,15,288,38,11
optuna,rbv2_super,15,336,38,12
optuna,rbv2_super,15,243,38,13
optuna,rbv2_super,15,242,38,14
optuna,rbv2_super,15,243,38,15
optuna,rbv2_super,15,243,38,16
optuna,rbv2_super,15,286,38,17
optuna,rbv2_super,15,337,38,18
optuna,rbv2_super,15,243,38,19
optuna,rbv2_super,15,254,38,20
optuna,rbv2_super,15,262,38,21
optuna,rbv2_super,15,262,38,22
optuna,rbv2_super,15,585,38,23
optuna,rbv2_super,15,334,38,24
optuna,rbv2_super,15,760,38,25
optuna,rbv2_super,15,261,38,26
optuna,rbv2_super,15,261,38,27
optuna,rbv2_super,15,273,38,28
optuna,rbv2_super,15,288,38,29
optuna,rbv2_super,15,333,38,30
smac4hpo,lcbench,167168,144,7,1
smac4hpo,lcbench,167168,162,7,2
smac4hpo,lcbench,167168,145,7,3
smac4hpo,lcbench,167168,161,7,4
smac4hpo,lcbench,167168,162,7,5
smac4hpo,lcbench,167168,166,7,6
smac4hpo,lcbench,167168,143,7,7
smac4hpo,lcbench,167168,161,7,8
smac4hpo,lcbench,167168,546,7,9
smac4hpo,lcbench,167168,152,7,10
smac4hpo,lcbench,167168,163,7,11
smac4hpo,lcbench,167168,167,7,12
smac4hpo,lcbench,167168,649,7,13
smac4hpo,lcbench,167168,166,7,14
smac4hpo,lcbench,167168,144,7,15
smac4hpo,lcbench,167168,152,7,16
smac4hpo,lcbench,167168,162,7,17
smac4hpo,lcbench,167168,166,7,18
smac4hpo,lcbench,167168,143,7,19
smac4hpo,lcbench,167168,165,7,20
smac4hpo,lcbench,167168,147,7,21
smac4hpo,lcbench,167168,146,7,22
smac4hpo,lcbench,167168,162,7,23
smac4hpo,lcbench,167168,166,7,24
smac4hpo,lcbench,167168,147,7,25
smac4hpo,lcbench,167168,165,7,26
smac4hpo,lcbench,167168,145,7,27
smac4hpo,lcbench,167168,134,7,28
smac4hpo,lcbench,167168,162,7,29
smac4hpo,lcbench,167168,166,7,30
smac4hpo,lcbench,189873,150,7,1
smac4hpo,lcbench,189873,164,7,2
smac4hpo,lcbench,189873,545,7,3
smac4hpo,lcbench,189873,135,7,4
smac4hpo,lcbench,189873,161,7,5
smac4hpo,lcbench,189873,167,7,6
smac4hpo,lcbench,189873,161,7,7
smac4hpo,lcbench,189873,164,7,8
smac4hpo,lcbench,189873,159,7,9
smac4hpo,lcbench,189873,134,7,10
smac4hpo,lcbench,189873,160,7,11
smac4hpo,lcbench,189873,167,7,12
smac4hpo,lcbench,189873,151,7,13
smac4hpo,lcbench,189873,165,7,14
smac4hpo,lcbench,189873,147,7,15
smac4hpo,lcbench,189873,133,7,16
smac4hpo,lcbench,189873,427,7,17
smac4hpo,lcbench,189873,168,7,18
smac4hpo,lcbench,189873,647,7,19
smac4hpo,lcbench,189873,164,7,20
smac4hpo,lcbench,189873,148,7,21
smac4hpo,lcbench,189873,134,7,22
smac4hpo,lcbench,189873,160,7,23
smac4hpo,lcbench,189873,168,7,24
smac4hpo,lcbench,189873,148,7,25
smac4hpo,lcbench,189873,164,7,26
smac4hpo,lcbench,189873,147,7,27
smac4hpo,lcbench,189873,134,7,28
smac4hpo,lcbench,189873,160,7,29
smac4hpo,lcbench,189873,169,7,30
smac4hpo,lcbench,189906,148,7,1
smac4hpo,lcbench,189906,165,7,2
smac4hpo,lcbench,189906,545,7,3
smac4hpo,lcbench,189906,134,7,4
smac4hpo,lcbench,189906,160,7,5
smac4hpo,lcbench,189906,170,7,6
smac4hpo,lcbench,189906,148,7,7
smac4hpo,lcbench,189906,164,7,8
smac4hpo,lcbench,189906,161,7,9
smac4hpo,lcbench,189906,134,7,10
smac4hpo,lcbench,189906,428,7,11
smac4hpo,lcbench,189906,171,7,12
smac4hpo,lcbench,189906,158,7,13
smac4hpo,lcbench,189906,162,7,14
smac4hpo,lcbench,189906,158,7,15
smac4hpo,lcbench,189906,131,7,16
smac4hpo,lcbench,189906,160,7,17
smac4hpo,lcbench,189906,169,7,18
smac4hpo,lcbench,189906,158,7,19
smac4hpo,lcbench,189906,162,7,20
smac4hpo,lcbench,189906,546,7,21
smac4hpo,lcbench,189906,131,7,22
smac4hpo,lcbench,189906,158,7,23
smac4hpo,lcbench,189906,169,7,24
smac4hpo,lcbench,189906,133,7,25
smac4hpo,lcbench,189906,163,7,26
smac4hpo,lcbench,189906,546,7,27
smac4hpo,lcbench,189906,146,7,28
smac4hpo,lcbench,189906,160,7,29
smac4hpo,lcbench,189906,170,7,30
smac4hpo,nb301,CIFAR10,276,34,1
smac4hpo,nb301,CIFAR10,315,34,2
smac4hpo,nb301,CIFAR10,275,34,3
smac4hpo,nb301,CIFAR10,288,34,4
smac4hpo,nb301,CIFAR10,312,34,5
smac4hpo,nb301,CIFAR10,360,34,6
smac4hpo,nb301,CIFAR10,300,34,7
smac4hpo,nb301,CIFAR10,315,34,8
smac4hpo,nb301,CIFAR10,290,34,9
smac4hpo,nb301,CIFAR10,289,34,10
smac4hpo,nb301,CIFAR10,615,34,11
smac4hpo,nb301,CIFAR10,362,34,12
smac4hpo,nb301,CIFAR10,789,34,13
smac4hpo,nb301,CIFAR10,314,34,14
smac4hpo,nb301,CIFAR10,292,34,15
smac4hpo,nb301,CIFAR10,288,34,16
smac4hpo,nb301,CIFAR10,312,34,17
smac4hpo,nb301,CIFAR10,359,34,18
smac4hpo,nb301,CIFAR10,292,34,19
smac4hpo,nb301,CIFAR10,316,34,20
smac4hpo,nb301,CIFAR10,291,34,21
smac4hpo,nb301,CIFAR10,288,34,22
smac4hpo,nb301,CIFAR10,312,34,23
smac4hpo,nb301,CIFAR10,359,34,24
smac4hpo,nb301,CIFAR10,292,34,25
smac4hpo,nb301,CIFAR10,315,34,26
smac4hpo,nb301,CIFAR10,689,34,27
smac4hpo,nb301,CIFAR10,287,34,28
smac4hpo,nb301,CIFAR10,617,34,29
smac4hpo,nb301,CIFAR10,359,34,30
smac4hpo,rbv2_rpart,14,125,5,1
smac4hpo,rbv2_rpart,14,139,5,2
smac4hpo,rbv2_rpart,14,114,5,3
smac4hpo,rbv2_rpart,14,125,5,4
smac4hpo,rbv2_rpart,14,137,5,5
smac4hpo,rbv2_rpart,14,144,5,6
smac4hpo,rbv2_rpart,14,131,5,7
smac4hpo,rbv2_rpart,14,138,5,8
smac4hpo,rbv2_rpart,14,114,5,9
smac4hpo,rbv2_rpart,14,124,5,10
smac4hpo,rbv2_rpart,14,137,5,11
smac4hpo,rbv2_rpart,14,142,5,12
smac4hpo,rbv2_rpart,14,115,5,13
smac4hpo,rbv2_rpart,14,139,5,14
smac4hpo,rbv2_rpart,14,115,5,15
smac4hpo,rbv2_rpart,14,135,5,16
smac4hpo,rbv2_rpart,14,403,5,17
smac4hpo,rbv2_rpart,14,144,5,18
smac4hpo,rbv2_rpart,14,625,5,19
smac4hpo,rbv2_rpart,14,139,5,20
smac4hpo,rbv2_rpart,14,115,5,21
smac4hpo,rbv2_rpart,14,135,5,22
smac4hpo,rbv2_rpart,14,138,5,23
smac4hpo,rbv2_rpart,14,142,5,24
smac4hpo,rbv2_rpart,14,114,5,25
smac4hpo,rbv2_rpart,14,139,5,26
smac4hpo,rbv2_rpart,14,114,5,27
smac4hpo,rbv2_rpart,14,135,5,28
smac4hpo,rbv2_rpart,14,136,5,29
smac4hpo,rbv2_rpart,14,142,5,30
smac4hpo,rbv2_rpart,40499,115,5,1
smac4hpo,rbv2_rpart,40499,139,5,2
smac4hpo,rbv2_rpart,40499,523,5,3
smac4hpo,rbv2_rpart,40499,135,5,4
smac4hpo,rbv2_rpart,40499,403,5,5
smac4hpo,rbv2_rpart,40499,144,5,6
smac4hpo,rbv2_rpart,40499,626,5,7
smac4hpo,rbv2_rpart,40499,139,5,8
smac4hpo,rbv2_rpart,40499,123,5,9
smac4hpo,rbv2_rpart,40499,134,5,10
smac4hpo,rbv2_rpart,40499,136,5,11
smac4hpo,rbv2_rpart,40499,144,5,12
smac4hpo,rbv2_rpart,40499,115,5,13
smac4hpo,rbv2_rpart,40499,139,5,14
smac4hpo,rbv2_rpart,40499,115,5,15
smac4hpo,rbv2_rpart,40499,135,5,16
smac4hpo,rbv2_rpart,40499,137,5,17
smac4hpo,rbv2_rpart,40499,145,5,18
smac4hpo,rbv2_rpart,40499,114,5,19
smac4hpo,rbv2_rpart,40499,138,5,20
smac4hpo,rbv2_rpart,40499,523,5,21
smac4hpo,rbv2_rpart,40499,126,5,22
smac4hpo,rbv2_rpart,40499,404,5,23
smac4hpo,rbv2_rpart,40499,145,5,24
smac4hpo,rbv2_rpart,40499,115,5,25
smac4hpo,rbv2_rpart,40499,140,5,26
smac4hpo,rbv2_rpart,40499,115,5,27
smac4hpo,rbv2_rpart,40499,126,5,28
smac4hpo,rbv2_rpart,40499,136,5,29
smac4hpo,rbv2_rpart,40499,144,5,30
smac4hpo,rbv2_ranger,16,139,8,1
smac4hpo,rbv2_ranger,16,166,8,2
smac4hpo,rbv2_ranger,16,160,8,3
smac4hpo,rbv2_ranger,16,151,8,4
smac4hpo,rbv2_ranger,16,167,8,5
smac4hpo,rbv2_ranger,16,182,8,6
smac4hpo,rbv2_ranger,16,159,8,7
smac4hpo,rbv2_ranger,16,168,8,8
smac4hpo,rbv2_ranger,16,156,8,9
smac4hpo,rbv2_ranger,16,152,8,10
smac4hpo,rbv2_ranger,16,166,8,11
smac4hpo,rbv2_ranger,16,180,8,12
smac4hpo,rbv2_ranger,16,653,8,13
smac4hpo,rbv2_ranger,16,168,8,14
smac4hpo,rbv2_ranger,16,155,8,15
smac4hpo,rbv2_ranger,16,148,8,16
smac4hpo,rbv2_ranger,16,166,8,17
smac4hpo,rbv2_ranger,16,182,8,18
smac4hpo,rbv2_ranger,16,155,8,19
smac4hpo,rbv2_ranger,16,166,8,20
smac4hpo,rbv2_ranger,16,154,8,21
smac4hpo,rbv2_ranger,16,149,8,22
smac4hpo,rbv2_ranger,16,166,8,23
smac4hpo,rbv2_ranger,16,181,8,24
smac4hpo,rbv2_ranger,16,140,8,25
smac4hpo,rbv2_ranger,16,169,8,26
smac4hpo,rbv2_ranger,16,552,8,27
smac4hpo,rbv2_ranger,16,149,8,28
smac4hpo,rbv2_ranger,16,438,8,29
smac4hpo,rbv2_ranger,16,180,8,30
smac4hpo,rbv2_ranger,42,653,8,1
smac4hpo,rbv2_ranger,42,168,8,2
smac4hpo,rbv2_ranger,42,141,8,3
smac4hpo,rbv2_ranger,42,149,8,4
smac4hpo,rbv2_ranger,42,165,8,5
smac4hpo,rbv2_ranger,42,182,8,6
smac4hpo,rbv2_ranger,42,139,8,7
smac4hpo,rbv2_ranger,42,168,8,8
smac4hpo,rbv2_ranger,42,141,8,9
smac4hpo,rbv2_ranger,42,149,8,10
smac4hpo,rbv2_ranger,42,166,8,11
smac4hpo,rbv2_ranger,42,182,8,12
smac4hpo,rbv2_ranger,42,653,8,13
smac4hpo,rbv2_ranger,42,163,8,14
smac4hpo,rbv2_ranger,42,552,8,15
smac4hpo,rbv2_ranger,42,141,8,16
smac4hpo,rbv2_ranger,42,436,8,17
smac4hpo,rbv2_ranger,42,181,8,18
smac4hpo,rbv2_ranger,42,140,8,19
smac4hpo,rbv2_ranger,42,164,8,20
smac4hpo,rbv2_ranger,42,140,8,21
smac4hpo,rbv2_ranger,42,140,8,22
smac4hpo,rbv2_ranger,42,166,8,23
smac4hpo,rbv2_ranger,42,183,8,24
smac4hpo,rbv2_ranger,42,140,8,25
smac4hpo,rbv2_ranger,42,164,8,26
smac4hpo,rbv2_ranger,42,130,8,27
smac4hpo,rbv2_ranger,42,149,8,28
smac4hpo,rbv2_ranger,42,166,8,29
smac4hpo,rbv2_ranger,42,182,8,30
smac4hpo,rbv2_xgboost,12,162,14,1
smac4hpo,rbv2_xgboost,12,199,14,2
smac4hpo,rbv2_xgboost,12,162,14,3
smac4hpo,rbv2_xgboost,12,185,14,4
smac4hpo,rbv2_xgboost,12,200,14,5
smac4hpo,rbv2_xgboost,12,237,14,6
smac4hpo,rbv2_xgboost,12,685,14,7
smac4hpo,rbv2_xgboost,12,200,14,8
smac4hpo,rbv2_xgboost,12,165,14,9
smac4hpo,rbv2_xgboost,12,185,14,10
smac4hpo,rbv2_xgboost,12,199,14,11
smac4hpo,rbv2_xgboost,12,233,14,12
smac4hpo,rbv2_xgboost,12,159,14,13
smac4hpo,rbv2_xgboost,12,202,14,14
smac4hpo,rbv2_xgboost,12,165,14,15
smac4hpo,rbv2_xgboost,12,180,14,16
smac4hpo,rbv2_xgboost,12,202,14,17
smac4hpo,rbv2_xgboost,12,236,14,18
smac4hpo,rbv2_xgboost,12,171,14,19
smac4hpo,rbv2_xgboost,12,196,14,20
smac4hpo,rbv2_xgboost,12,584,14,21
smac4hpo,rbv2_xgboost,12,181,14,22
smac4hpo,rbv2_xgboost,12,481,14,23
smac4hpo,rbv2_xgboost,12,234,14,24
smac4hpo,rbv2_xgboost,12,688,14,25
smac4hpo,rbv2_xgboost,12,198,14,26
smac4hpo,rbv2_xgboost,12,160,14,27
smac4hpo,rbv2_xgboost,12,180,14,28
smac4hpo,rbv2_xgboost,12,201,14,29
smac4hpo,rbv2_xgboost,12,233,14,30
smac4hpo,rbv2_xgboost,1501,175,14,1
smac4hpo,rbv2_xgboost,1501,202,14,2
smac4hpo,rbv2_xgboost,1501,166,14,3
smac4hpo,rbv2_xgboost,1501,183,14,4
smac4hpo,rbv2_xgboost,1501,203,14,5
smac4hpo,rbv2_xgboost,1501,239,14,6
smac4hpo,rbv2_xgboost,1501,689,14,7
smac4hpo,rbv2_xgboost,1501,201,14,8
smac4hpo,rbv2_xgboost,1501,588,14,9
smac4hpo,rbv2_xgboost,1501,184,14,10
smac4hpo,rbv2_xgboost,1501,484,14,11
smac4hpo,rbv2_xgboost,1501,240,14,12
smac4hpo,rbv2_xgboost,1501,174,14,13
smac4hpo,rbv2_xgboost,1501,202,14,14
smac4hpo,rbv2_xgboost,1501,164,14,15
smac4hpo,rbv2_xgboost,1501,183,14,16
smac4hpo,rbv2_xgboost,1501,203,14,17
smac4hpo,rbv2_xgboost,1501,238,14,18
smac4hpo,rbv2_xgboost,1501,174,14,19
smac4hpo,rbv2_xgboost,1501,202,14,20
smac4hpo,rbv2_xgboost,1501,165,14,21
smac4hpo,rbv2_xgboost,1501,184,14,22
smac4hpo,rbv2_xgboost,1501,485,14,23
smac4hpo,rbv2_xgboost,1501,239,14,24
smac4hpo,rbv2_xgboost,1501,688,14,25
smac4hpo,rbv2_xgboost,1501,202,14,26
smac4hpo,rbv2_xgboost,1501,165,14,27
smac4hpo,rbv2_xgboost,1501,181,14,28
smac4hpo,rbv2_xgboost,1501,204,14,29
smac4hpo,rbv2_xgboost,1501,239,14,30
smac4hpo,rbv2_xgboost,16,223,14,1
smac4hpo,rbv2_xgboost,16,197,14,2
smac4hpo,rbv2_xgboost,16,220,14,3
smac4hpo,rbv2_xgboost,16,205,14,4
smac4hpo,rbv2_xgboost,16,203,14,5
smac4hpo,rbv2_xgboost,16,230,14,6
smac4hpo,rbv2_xgboost,16,177,14,7
smac4hpo,rbv2_xgboost,16,202,14,8
smac4hpo,rbv2_xgboost,16,199,14,9
smac4hpo,rbv2_xgboost,16,221,14,10
smac4hpo,rbv2_xgboost,16,199,14,11
smac4hpo,rbv2_xgboost,16,231,14,12
smac4hpo,rbv2_xgboost,16,205,14,13
smac4hpo,rbv2_xgboost,16,201,14,14
smac4hpo,rbv2_xgboost,16,222,14,15
smac4hpo,rbv2_xgboost,16,224,14,16
smac4hpo,rbv2_xgboost,16,199,14,17
smac4hpo,rbv2_xgboost,16,230,14,18
smac4hpo,rbv2_xgboost,16,176,14,19
smac4hpo,rbv2_xgboost,16,198,14,20
smac4hpo,rbv2_xgboost,16,203,14,21
smac4hpo,rbv2_xgboost,16,220,14,22
smac4hpo,rbv2_xgboost,16,200,14,23
smac4hpo,rbv2_xgboost,16,236,14,24
smac4hpo,rbv2_xgboost,16,202,14,25
smac4hpo,rbv2_xgboost,16,198,14,26
smac4hpo,rbv2_xgboost,16,218,14,27
smac4hpo,rbv2_xgboost,16,221,14,28
smac4hpo,rbv2_xgboost,16,204,14,29
smac4hpo,rbv2_xgboost,16,231,14,30
smac4hpo,rbv2_super,1457,310,38,1
smac4hpo,rbv2_super,1457,299,38,2
smac4hpo,rbv2_super,1457,685,38,3
smac4hpo,rbv2_super,1457,269,38,4
smac4hpo,rbv2_super,1457,311,38,5
smac4hpo,rbv2_super,1457,341,38,6
smac4hpo,rbv2_super,1457,313,38,7
smac4hpo,rbv2_super,1457,303,38,8
smac4hpo,rbv2_super,1457,305,38,9
smac4hpo,rbv2_super,1457,323,38,10
smac4hpo,rbv2_super,1457,303,38,11
smac4hpo,rbv2_super,1457,344,38,12
smac4hpo,rbv2_super,1457,324,38,13
smac4hpo,rbv2_super,1457,304,38,14
smac4hpo,rbv2_super,1457,314,38,15
smac4hpo,rbv2_super,1457,269,38,16
smac4hpo,rbv2_super,1457,310,38,17
smac4hpo,rbv2_super,1457,347,38,18
smac4hpo,rbv2_super,1457,314,38,19
smac4hpo,rbv2_super,1457,299,38,20
smac4hpo,rbv2_super,1457,304,38,21
smac4hpo,rbv2_super,1457,327,38,22
smac4hpo,rbv2_super,1457,302,38,23
smac4hpo,rbv2_super,1457,347,38,24
smac4hpo,rbv2_super,1457,323,38,25
smac4hpo,rbv2_super,1457,300,38,26
smac4hpo,rbv2_super,1457,313,38,27
smac4hpo,rbv2_super,1457,269,38,28
smac4hpo,rbv2_super,1457,303,38,29
smac4hpo,rbv2_super,1457,346,38,30
smac4hpo,rbv2_super,1063,311,38,1
smac4hpo,rbv2_super,1063,300,38,2
smac4hpo,rbv2_super,1063,318,38,3
smac4hpo,rbv2_super,1063,304,38,4
smac4hpo,rbv2_super,1063,303,38,5
smac4hpo,rbv2_super,1063,343,38,6
smac4hpo,rbv2_super,1063,329,38,7
smac4hpo,rbv2_super,1063,303,38,8
smac4hpo,rbv2_super,1063,325,38,9
smac4hpo,rbv2_super,1063,311,38,10
smac4hpo,rbv2_super,1063,269,38,11
smac4hpo,rbv2_super,1063,343,38,12
smac4hpo,rbv2_super,1063,307,38,13
smac4hpo,rbv2_super,1063,295,38,14
smac4hpo,rbv2_super,1063,317,38,15
smac4hpo,rbv2_super,1063,305,38,16
smac4hpo,rbv2_super,1063,304,38,17
smac4hpo,rbv2_super,1063,344,38,18
smac4hpo,rbv2_super,1063,327,38,19
smac4hpo,rbv2_super,1063,294,38,20
smac4hpo,rbv2_super,1063,329,38,21
smac4hpo,rbv2_super,1063,315,38,22
smac4hpo,rbv2_super,1063,306,38,23
smac4hpo,rbv2_super,1063,342,38,24
smac4hpo,rbv2_super,1063,274,38,25
smac4hpo,rbv2_super,1063,296,38,26
smac4hpo,rbv2_super,1063,307,38,27
smac4hpo,rbv2_super,1063,315,38,28
smac4hpo,rbv2_super,1063,307,38,29
smac4hpo,rbv2_super,1063,344,38,30
smac4hpo,rbv2_super,15,330,38,1
smac4hpo,rbv2_super,15,295,38,2
smac4hpo,rbv2_super,15,264,38,3
smac4hpo,rbv2_super,15,277,38,4
smac4hpo,rbv2_super,15,301,38,5
smac4hpo,rbv2_super,15,343,38,6
smac4hpo,rbv2_super,15,330,38,7
smac4hpo,rbv2_super,15,295,38,8
smac4hpo,rbv2_super,15,261,38,9
smac4hpo,rbv2_super,15,278,38,10
smac4hpo,rbv2_super,15,304,38,11
smac4hpo,rbv2_super,15,344,38,12
smac4hpo,rbv2_super,15,317,38,13
smac4hpo,rbv2_super,15,290,38,14
smac4hpo,rbv2_super,15,274,38,15
smac4hpo,rbv2_super,15,276,38,16
smac4hpo,rbv2_super,15,300,38,17
smac4hpo,rbv2_super,15,343,38,18
smac4hpo,rbv2_super,15,311,38,19
smac4hpo,rbv2_super,15,295,38,20
smac4hpo,rbv2_super,15,255,38,21
smac4hpo,rbv2_super,15,278,38,22
smac4hpo,rbv2_super,15,299,38,23
smac4hpo,rbv2_super,15,343,38,24
smac4hpo,rbv2_super,15,318,38,25
smac4hpo,rbv2_super,15,293,38,26
smac4hpo,rbv2_super,15,305,38,27
smac4hpo,rbv2_super,15,269,38,28
smac4hpo,rbv2_super,15,299,38,29
smac4hpo,rbv2_super,15,343,38,30
mlr3mbo,lcbench,167168,94,7,1
mlr3mbo,lcbench,167168,94,7,2
mlr3mbo,lcbench,167168,93,7,3
mlr3mbo,lcbench,167168,90,7,4
mlr3mbo,lcbench,167168,91,7,5
mlr3mbo,lcbench,167168,91,7,6
mlr3mbo,lcbench,167168,91,7,7
mlr3mbo,lcbench,167168,90,7,8
mlr3mbo,lcbench,167168,92,7,9
mlr3mbo,lcbench,167168,89,7,10
mlr3mbo,lcbench,167168,93,7,11
mlr3mbo,lcbench,167168,87,7,12
mlr3mbo,lcbench,167168,91,7,13
mlr3mbo,lcbench,167168,89,7,14
mlr3mbo,lcbench,167168,93,7,15
mlr3mbo,lcbench,167168,88,7,16
mlr3mbo,lcbench,167168,88,7,17
mlr3mbo,lcbench,167168,90,7,18
mlr3mbo,lcbench,167168,89,7,19
mlr3mbo,lcbench,167168,91,7,20
mlr3mbo,lcbench,167168,90,7,21
mlr3mbo,lcbench,167168,89,7,22
mlr3mbo,lcbench,167168,88,7,23
mlr3mbo,lcbench,167168,92,7,24
mlr3mbo,lcbench,167168,90,7,25
mlr3mbo,lcbench,167168,92,7,26
mlr3mbo,lcbench,167168,90,7,27
mlr3mbo,lcbench,167168,88,7,28
mlr3mbo,lcbench,167168,88,7,29
mlr3mbo,lcbench,167168,88,7,30
mlr3mbo,lcbench,189873,94,7,1
mlr3mbo,lcbench,189873,90,7,2
mlr3mbo,lcbench,189873,89,7,3
mlr3mbo,lcbench,189873,91,7,4
mlr3mbo,lcbench,189873,88,7,5
mlr3mbo,lcbench,189873,94,7,6
mlr3mbo,lcbench,189873,87,7,7
mlr3mbo,lcbench,189873,91,7,8
mlr3mbo,lcbench,189873,93,7,9
mlr3mbo,lcbench,189873,88,7,10
mlr3mbo,lcbench,189873,88,7,11
mlr3mbo,lcbench,189873,93,7,12
mlr3mbo,lcbench,189873,89,7,13
mlr3mbo,lcbench,189873,94,7,14
mlr3mbo,lcbench,189873,90,7,15
mlr3mbo,lcbench,189873,91,7,16
mlr3mbo,lcbench,189873,92,7,17
mlr3mbo,lcbench,189873,94,7,18
mlr3mbo,lcbench,189873,89,7,19
mlr3mbo,lcbench,189873,90,7,20
mlr3mbo,lcbench,189873,89,7,21
mlr3mbo,lcbench,189873,95,7,22
mlr3mbo,lcbench,189873,89,7,23
mlr3mbo,lcbench,189873,91,7,24
mlr3mbo,lcbench,189873,87,7,25
mlr3mbo,lcbench,189873,88,7,26
mlr3mbo,lcbench,189873,90,7,27
mlr3mbo,lcbench,189873,88,7,28
mlr3mbo,lcbench,189873,92,7,29
mlr3mbo,lcbench,189873,94,7,30
mlr3mbo,lcbench,189906,91,7,1
mlr3mbo,lcbench,189906,91,7,2
mlr3mbo,lcbench,189906,87,7,3
mlr3mbo,lcbench,189906,88,7,4
mlr3mbo,lcbench,189906,87,7,5
mlr3mbo,lcbench,189906,91,7,6
mlr3mbo,lcbench,189906,91,7,7
mlr3mbo,lcbench,189906,87,7,8
mlr3mbo,lcbench,189906,91,7,9
mlr3mbo,lcbench,189906,89,7,10
mlr3mbo,lcbench,189906,89,7,11
mlr3mbo,lcbench,189906,88,7,12
mlr3mbo,lcbench,189906,93,7,13
mlr3mbo,lcbench,189906,93,7,14
mlr3mbo,lcbench,189906,92,7,15
mlr3mbo,lcbench,189906,90,7,16
mlr3mbo,lcbench,189906,86,7,17
mlr3mbo,lcbench,189906,92,7,18
mlr3mbo,lcbench,189906,91,7,19
mlr3mbo,lcbench,189906,88,7,20
mlr3mbo,lcbench,189906,92,7,21
mlr3mbo,lcbench,189906,90,7,22
mlr3mbo,lcbench,189906,89,7,23
mlr3mbo,lcbench,189906,90,7,24
mlr3mbo,lcbench,189906,94,7,25
mlr3mbo,lcbench,189906,88,7,26
mlr3mbo,lcbench,189906,85,7,27
mlr3mbo,lcbench,189906,89,7,28
mlr3mbo,lcbench,189906,88,7,29
mlr3mbo,lcbench,189906,91,7,30
mlr3mbo,nb301,CIFAR10,510,34,1
mlr3mbo,nb301,CIFAR10,498,34,2
mlr3mbo,nb301,CIFAR10,509,34,3
mlr3mbo,nb301,CIFAR10,504,34,4
mlr3mbo,nb301,CIFAR10,500,34,5
mlr3mbo,nb301,CIFAR10,507,34,6
mlr3mbo,nb301,CIFAR10,493,34,7
mlr3mbo,nb301,CIFAR10,489,34,8
mlr3mbo,nb301,CIFAR10,524,34,9
mlr3mbo,nb301,CIFAR10,530,34,10
mlr3mbo,nb301,CIFAR10,524,34,11
mlr3mbo,nb301,CIFAR10,510,34,12
mlr3mbo,nb301,CIFAR10,513,34,13
mlr3mbo,nb301,CIFAR10,525,34,14
mlr3mbo,nb301,CIFAR10,511,34,15
mlr3mbo,nb301,CIFAR10,526,34,16
mlr3mbo,nb301,CIFAR10,511,34,17
mlr3mbo,nb301,CIFAR10,520,34,18
mlr3mbo,nb301,CIFAR10,516,34,19
mlr3mbo,nb301,CIFAR10,530,34,20
mlr3mbo,nb301,CIFAR10,534,34,21
mlr3mbo,nb301,CIFAR10,521,34,22
mlr3mbo,nb301,CIFAR10,525,34,23
mlr3mbo,nb301,CIFAR10,510,34,24
mlr3mbo,nb301,CIFAR10,513,34,25
mlr3mbo,nb301,CIFAR10,517,34,26
mlr3mbo,nb301,CIFAR10,530,34,27
mlr3mbo,nb301,CIFAR10,513,34,28
mlr3mbo,nb301,CIFAR10,532,34,29
mlr3mbo,nb301,CIFAR10,525,34,30
mlr3mbo,rbv2_rpart,14,51,5,1
mlr3mbo,rbv2_rpart,14,51,5,2
mlr3mbo,rbv2_rpart,14,52,5,3
mlr3mbo,rbv2_rpart,14,53,5,4
mlr3mbo,rbv2_rpart,14,52,5,5
mlr3mbo,rbv2_rpart,14,50,5,6
mlr3mbo,rbv2_rpart,14,53,5,7
mlr3mbo,rbv2_rpart,14,52,5,8
mlr3mbo,rbv2_rpart,14,51,5,9
mlr3mbo,rbv2_rpart,14,52,5,10
mlr3mbo,rbv2_rpart,14,54,5,11
mlr3mbo,rbv2_rpart,14,53,5,12
mlr3mbo,rbv2_rpart,14,55,5,13
mlr3mbo,rbv2_rpart,14,52,5,14
mlr3mbo,rbv2_rpart,14,50,5,15
mlr3mbo,rbv2_rpart,14,51,5,16
mlr3mbo,rbv2_rpart,14,54,5,17
mlr3mbo,rbv2_rpart,14,54,5,18
mlr3mbo,rbv2_rpart,14,51,5,19
mlr3mbo,rbv2_rpart,14,53,5,20
mlr3mbo,rbv2_rpart,14,53,5,21
mlr3mbo,rbv2_rpart,14,54,5,22
mlr3mbo,rbv2_rpart,14,54,5,23
mlr3mbo,rbv2_rpart,14,50,5,24
mlr3mbo,rbv2_rpart,14,51,5,25
mlr3mbo,rbv2_rpart,14,51,5,26
mlr3mbo,rbv2_rpart,14,51,5,27
mlr3mbo,rbv2_rpart,14,52,5,28
mlr3mbo,rbv2_rpart,14,53,5,29
mlr3mbo,rbv2_rpart,14,51,5,30
mlr3mbo,rbv2_rpart,40499,51,5,1
mlr3mbo,rbv2_rpart,40499,53,5,2
mlr3mbo,rbv2_rpart,40499,52,5,3
mlr3mbo,rbv2_rpart,40499,51,5,4
mlr3mbo,rbv2_rpart,40499,53,5,5
mlr3mbo,rbv2_rpart,40499,52,5,6
mlr3mbo,rbv2_rpart,40499,54,5,7
mlr3mbo,rbv2_rpart,40499,52,5,8
mlr3mbo,rbv2_rpart,40499,53,5,9
mlr3mbo,rbv2_rpart,40499,53,5,10
mlr3mbo,rbv2_rpart,40499,53,5,11
mlr3mbo,rbv2_rpart,40499,53,5,12
mlr3mbo,rbv2_rpart,40499,53,5,13
mlr3mbo,rbv2_rpart,40499,52,5,14
mlr3mbo,rbv2_rpart,40499,53,5,15
mlr3mbo,rbv2_rpart,40499,52,5,16
mlr3mbo,rbv2_rpart,40499,54,5,17
mlr3mbo,rbv2_rpart,40499,53,5,18
mlr3mbo,rbv2_rpart,40499,53,5,19
mlr3mbo,rbv2_rpart,40499,53,5,20
mlr3mbo,rbv2_rpart,40499,52,5,21
mlr3mbo,rbv2_rpart,40499,51,5,22
mlr3mbo,rbv2_rpart,40499,50,5,23
mlr3mbo,rbv2_rpart,40499,52,5,24
mlr3mbo,rbv2_rpart,40499,54,5,25
mlr3mbo,rbv2_rpart,40499,54,5,26
mlr3mbo,rbv2_rpart,40499,52,5,27
mlr3mbo,rbv2_rpart,40499,54,5,28
mlr3mbo,rbv2_rpart,40499,55,5,29
mlr3mbo,rbv2_rpart,40499,55,5,30
mlr3mbo,rbv2_ranger,16,129,8,1
mlr3mbo,rbv2_ranger,16,129,8,2
mlr3mbo,rbv2_ranger,16,131,8,3
mlr3mbo,rbv2_ranger,16,125,8,4
mlr3mbo,rbv2_ranger,16,131,8,5
mlr3mbo,rbv2_ranger,16,129,8,6
mlr3mbo,rbv2_ranger,16,133,8,7
mlr3mbo,rbv2_ranger,16,131,8,8
mlr3mbo,rbv2_ranger,16,129,8,9
mlr3mbo,rbv2_ranger,16,129,8,10
mlr3mbo,rbv2_ranger,16,127,8,11
mlr3mbo,rbv2_ranger,16,131,8,12
mlr3mbo,rbv2_ranger,16,130,8,13
mlr3mbo,rbv2_ranger,16,132,8,14
mlr3mbo,rbv2_ranger,16,125,8,15
mlr3mbo,rbv2_ranger,16,128,8,16
mlr3mbo,rbv2_ranger,16,128,8,17
mlr3mbo,rbv2_ranger,16,128,8,18
mlr3mbo,rbv2_ranger,16,128,8,19
mlr3mbo,rbv2_ranger,16,125,8,20
mlr3mbo,rbv2_ranger,16,126,8,21
mlr3mbo,rbv2_ranger,16,126,8,22
mlr3mbo,rbv2_ranger,16,134,8,23
mlr3mbo,rbv2_ranger,16,135,8,24
mlr3mbo,rbv2_ranger,16,130,8,25
mlr3mbo,rbv2_ranger,16,130,8,26
mlr3mbo,rbv2_ranger,16,130,8,27
mlr3mbo,rbv2_ranger,16,133,8,28
mlr3mbo,rbv2_ranger,16,126,8,29
mlr3mbo,rbv2_ranger,16,134,8,30
mlr3mbo,rbv2_ranger,42,131,8,1
mlr3mbo,rbv2_ranger,42,127,8,2
mlr3mbo,rbv2_ranger,42,132,8,3
mlr3mbo,rbv2_ranger,42,127,8,4
mlr3mbo,rbv2_ranger,42,127,8,5
mlr3mbo,rbv2_ranger,42,135,8,6
mlr3mbo,rbv2_ranger,42,132,8,7
mlr3mbo,rbv2_ranger,42,128,8,8
mlr3mbo,rbv2_ranger,42,133,8,9
mlr3mbo,rbv2_ranger,42,128,8,10
mlr3mbo,rbv2_ranger,42,137,8,11
mlr3mbo,rbv2_ranger,42,130,8,12
mlr3mbo,rbv2_ranger,42,131,8,13
mlr3mbo,rbv2_ranger,42,134,8,14
mlr3mbo,rbv2_ranger,42,134,8,15
mlr3mbo,rbv2_ranger,42,133,8,16
mlr3mbo,rbv2_ranger,42,128,8,17
mlr3mbo,rbv2_ranger,42,135,8,18
mlr3mbo,rbv2_ranger,42,126,8,19
mlr3mbo,rbv2_ranger,42,131,8,20
mlr3mbo,rbv2_ranger,42,129,8,21
mlr3mbo,rbv2_ranger,42,126,8,22
mlr3mbo,rbv2_ranger,42,129,8,23
mlr3mbo,rbv2_ranger,42,129,8,24
mlr3mbo,rbv2_ranger,42,129,8,25
mlr3mbo,rbv2_ranger,42,127,8,26
mlr3mbo,rbv2_ranger,42,128,8,27
mlr3mbo,rbv2_ranger,42,133,8,28
mlr3mbo,rbv2_ranger,42,128,8,29
mlr3mbo,rbv2_ranger,42,135,8,30
mlr3mbo,rbv2_xgboost,12,251,14,1
mlr3mbo,rbv2_xgboost,12,239,14,2
mlr3mbo,rbv2_xgboost,12,246,14,3
mlr3mbo,rbv2_xgboost,12,244,14,4
mlr3mbo,rbv2_xgboost,12,239,14,5
mlr3mbo,rbv2_xgboost,12,260,14,6
mlr3mbo,rbv2_xgboost,12,277,14,7
mlr3mbo,rbv2_xgboost,12,253,14,8
mlr3mbo,rbv2_xgboost,12,305,14,9
mlr3mbo,rbv2_xgboost,12,245,14,10
mlr3mbo,rbv2_xgboost,12,277,14,11
mlr3mbo,rbv2_xgboost,12,241,14,12
mlr3mbo,rbv2_xgboost,12,251,14,13
mlr3mbo,rbv2_xgboost,12,248,14,14
mlr3mbo,rbv2_xgboost,12,251,14,15
mlr3mbo,rbv2_xgboost,12,250,14,16
mlr3mbo,rbv2_xgboost,12,245,14,17
mlr3mbo,rbv2_xgboost,12,324,14,18
mlr3mbo,rbv2_xgboost,12,290,14,19
mlr3mbo,rbv2_xgboost,12,245,14,20
mlr3mbo,rbv2_xgboost,12,237,14,21
mlr3mbo,rbv2_xgboost,12,248,14,22
mlr3mbo,rbv2_xgboost,12,250,14,23
mlr3mbo,rbv2_xgboost,12,281,14,24
mlr3mbo,rbv2_xgboost,12,227,14,25
mlr3mbo,rbv2_xgboost,12,248,14,26
mlr3mbo,rbv2_xgboost,12,247,14,27
mlr3mbo,rbv2_xgboost,12,240,14,28
mlr3mbo,rbv2_xgboost,12,243,14,29
mlr3mbo,rbv2_xgboost,12,248,14,30
mlr3mbo,rbv2_xgboost,1501,240,14,1
mlr3mbo,rbv2_xgboost,1501,243,14,2
mlr3mbo,rbv2_xgboost,1501,244,14,3
mlr3mbo,rbv2_xgboost,1501,245,14,4
mlr3mbo,rbv2_xgboost,1501,243,14,5
mlr3mbo,rbv2_xgboost,1501,253,14,6
mlr3mbo,rbv2_xgboost,1501,246,14,7
mlr3mbo,rbv2_xgboost,1501,305,14,8
mlr3mbo,rbv2_xgboost,1501,242,14,9
mlr3mbo,rbv2_xgboost,1501,239,14,10
mlr3mbo,rbv2_xgboost,1501,247,14,11
mlr3mbo,rbv2_xgboost,1501,237,14,12
mlr3mbo,rbv2_xgboost,1501,242,14,13
mlr3mbo,rbv2_xgboost,1501,248,14,14
mlr3mbo,rbv2_xgboost,1501,246,14,15
mlr3mbo,rbv2_xgboost,1501,252,14,16
mlr3mbo,rbv2_xgboost,1501,244,14,17
mlr3mbo,rbv2_xgboost,1501,244,14,18
mlr3mbo,rbv2_xgboost,1501,248,14,19
mlr3mbo,rbv2_xgboost,1501,246,14,20
mlr3mbo,rbv2_xgboost,1501,246,14,21
mlr3mbo,rbv2_xgboost,1501,246,14,22
mlr3mbo,rbv2_xgboost,1501,245,14,23
mlr3mbo,rbv2_xgboost,1501,242,14,24
mlr3mbo,rbv2_xgboost,1501,256,14,25
mlr3mbo,rbv2_xgboost,1501,246,14,26
mlr3mbo,rbv2_xgboost,1501,256,14,27
mlr3mbo,rbv2_xgboost,1501,258,14,28
mlr3mbo,rbv2_xgboost,1501,239,14,29
mlr3mbo,rbv2_xgboost,1501,263,14,30
mlr3mbo,rbv2_xgboost,16,244,14,1
mlr3mbo,rbv2_xgboost,16,247,14,2
mlr3mbo,rbv2_xgboost,16,285,14,3
mlr3mbo,rbv2_xgboost,16,249,14,4
mlr3mbo,rbv2_xgboost,16,273,14,5
mlr3mbo,rbv2_xgboost,16,247,14,6
mlr3mbo,rbv2_xgboost,16,279,14,7
mlr3mbo,rbv2_xgboost,16,240,14,8
mlr3mbo,rbv2_xgboost,16,273,14,9
mlr3mbo,rbv2_xgboost,16,244,14,10
mlr3mbo,rbv2_xgboost,16,322,14,11
mlr3mbo,rbv2_xgboost,16,242,14,12
mlr3mbo,rbv2_xgboost,16,238,14,13
mlr3mbo,rbv2_xgboost,16,246,14,14
mlr3mbo,rbv2_xgboost,16,233,14,15
mlr3mbo,rbv2_xgboost,16,239,14,16
mlr3mbo,rbv2_xgboost,16,276,14,17
mlr3mbo,rbv2_xgboost,16,240,14,18
mlr3mbo,rbv2_xgboost,16,251,14,19
mlr3mbo,rbv2_xgboost,16,252,14,20
mlr3mbo,rbv2_xgboost,16,238,14,21
mlr3mbo,rbv2_xgboost,16,265,14,22
mlr3mbo,rbv2_xgboost,16,246,14,23
mlr3mbo,rbv2_xgboost,16,265,14,24
mlr3mbo,rbv2_xgboost,16,240,14,25
mlr3mbo,rbv2_xgboost,16,231,14,26
mlr3mbo,rbv2_xgboost,16,243,14,27
mlr3mbo,rbv2_xgboost,16,237,14,28
mlr3mbo,rbv2_xgboost,16,237,14,29
mlr3mbo,rbv2_xgboost,16,238,14,30
mlr3mbo,rbv2_super,1457,549,38,1
mlr3mbo,rbv2_super,1457,554,38,2
mlr3mbo,rbv2_super,1457,564,38,3
mlr3mbo,rbv2_super,1457,534,38,4
mlr3mbo,rbv2_super,1457,480,38,5
mlr3mbo,rbv2_super,1457,550,38,6
mlr3mbo,rbv2_super,1457,570,38,7
mlr3mbo,rbv2_super,1457,551,38,8
mlr3mbo,rbv2_super,1457,550,38,9
mlr3mbo,rbv2_super,1457,527,38,10
mlr3mbo,rbv2_super,1457,571,38,11
mlr3mbo,rbv2_super,1457,567,38,12
mlr3mbo,rbv2_super,1457,540,38,13
mlr3mbo,rbv2_super,1457,530,38,14
mlr3mbo,rbv2_super,1457,551,38,15
mlr3mbo,rbv2_super,1457,564,38,16
mlr3mbo,rbv2_super,1457,548,38,17
mlr3mbo,rbv2_super,1457,533,38,18
mlr3mbo,rbv2_super,1457,563,38,19
mlr3mbo,rbv2_super,1457,572,38,20
mlr3mbo,rbv2_super,1457,579,38,21
mlr3mbo,rbv2_super,1457,559,38,22
mlr3mbo,rbv2_super,1457,558,38,23
mlr3mbo,rbv2_super,1457,550,38,24
mlr3mbo,rbv2_super,1457,574,38,25
mlr3mbo,rbv2_super,1457,597,38,26
mlr3mbo,rbv2_super,1457,546,38,27
mlr3mbo,rbv2_super,1457,546,38,28
mlr3mbo,rbv2_super,1457,561,38,29
mlr3mbo,rbv2_super,1457,570,38,30
mlr3mbo,rbv2_super,1063,589,38,1
mlr3mbo,rbv2_super,1063,633,38,2
mlr3mbo,rbv2_super,1063,543,38,3
mlr3mbo,rbv2_super,1063,593,38,4
mlr3mbo,rbv2_super,1063,594,38,5
mlr3mbo,rbv2_super,1063,675,38,6
mlr3mbo,rbv2_super,1063,617,38,7
mlr3mbo,rbv2_super,1063,583,38,8
mlr3mbo,rbv2_super,1063,542,38,9
mlr3mbo,rbv2_super,1063,732,38,10
mlr3mbo,rbv2_super,1063,565,38,11
mlr3mbo,rbv2_super,1063,638,38,12
mlr3mbo,rbv2_super,1063,538,38,13
mlr3mbo,rbv2_super,1063,585,38,14
mlr3mbo,rbv2_super,1063,849,38,15
mlr3mbo,rbv2_super,1063,583,38,16
mlr3mbo,rbv2_super,1063,554,38,17
mlr3mbo,rbv2_super,1063,548,38,18
mlr3mbo,rbv2_super,1063,570,38,19
mlr3mbo,rbv2_super,1063,554,38,20
mlr3mbo,rbv2_super,1063,627,38,21
mlr3mbo,rbv2_super,1063,538,38,22
mlr3mbo,rbv2_super,1063,619,38,23
mlr3mbo,rbv2_super,1063,587,38,24
mlr3mbo,rbv2_super,1063,772,38,25
mlr3mbo,rbv2_super,1063,587,38,26
mlr3mbo,rbv2_super,1063,581,38,27
mlr3mbo,rbv2_super,1063,521,38,28
mlr3mbo,rbv2_super,1063,611,38,29
mlr3mbo,rbv2_super,1063,553,38,30
mlr3mbo,rbv2_super,15,589,38,1
mlr3mbo,rbv2_super,15,593,38,2
mlr3mbo,rbv2_super,15,534,38,3
mlr3mbo,rbv2_super,15,545,38,4
mlr3mbo,rbv2_super,15,584,38,5
mlr3mbo,rbv2_super,15,510,38,6
mlr3mbo,rbv2_super,15,565,38,7
mlr3mbo,rbv2_super,15,547,38,8
mlr3mbo,rbv2_super,15,612,38,9
mlr3mbo,rbv2_super,15,553,38,10
mlr3mbo,rbv2_super,15,560,38,11
mlr3mbo,rbv2_super,15,510,38,12
mlr3mbo,rbv2_super,15,522,38,13
mlr3mbo,rbv2_super,15,497,38,14
mlr3mbo,rbv2_super,15,545,38,15
mlr3mbo,rbv2_super,15,552,38,16
mlr3mbo,rbv2_super,15,548,38,17
mlr3mbo,rbv2_super,15,522,38,18
mlr3mbo,rbv2_super,15,539,38,19
mlr3mbo,rbv2_super,15,510,38,20
mlr3mbo,rbv2_super,15,522,38,21
mlr3mbo,rbv2_super,15,507,38,22
mlr3mbo,rbv2_super,15,519,38,23
mlr3mbo,rbv2_super,15,511,38,24
mlr3mbo,rbv2_super,15,593,38,25
mlr3mbo,rbv2_super,15,522,38,26
mlr3mbo,rbv2_super,15,505,38,27
mlr3mbo,rbv2_super,15,550,38,28
mlr3mbo,rbv2_super,15,564,38,29
mlr3mbo,rbv2_super,15,507,38,30
